gameid,game
1,The Legend of Zelda: Ocarina of Time
2,Tony Hawk's Pro Skater 2
3,Grand Theft Auto IV
4,SoulCalibur
5,Super Mario Galaxy
6,Super Mario Galaxy 2
7,Grand Theft Auto V
8,The Legend of Zelda: Breath of the Wild
9,Tony Hawk's Pro Skater 3
10,Perfect Dark
11,Metroid Prime
12,Grand Theft Auto III
13,Super Mario Odyssey
14,Halo: Combat Evolved
15,NFL 2K1
16,Half-Life 2
17,BioShock
18,GoldenEye 007
19,Uncharted 2: Among Thieves
20,Resident Evil 4
21,The Orange Box
22,Batman: Arkham City
23,Tekken 3
24,Mass Effect 2
25,The Legend of Zelda: Twilight Princess
26,The Elder Scrolls V: Skyrim
27,Half-Life
28,The Legend of Zelda: The Wind Waker
29,Gran Turismo
30,Metal Gear Solid 2: Sons of Liberty
31,Grand Theft Auto Double Pack
32,Baldur's Gate II: Shadows of Amn
33,Grand Theft Auto: San Andreas
34,Grand Theft Auto: Vice City
35,LittleBigPlanet
36,The Legend of Zelda Collector's Edition
37,Red Dead Redemption
38,Gran Turismo 3: A-Spec
39,Halo 2
40,The Legend of Zelda: A Link to the Past
41,The Legend of Zelda: Majora's Mask
42,The Last of Us
43,Madden NFL 2003
44,The Last of Us Remastered
45,Portal 2
46,Metal Gear Solid V: The Phantom Pain
47,World of Goo
48,BioShock Infinite
49,Final Fantasy IX
50,Call of Duty: Modern Warfare 2
51,Tony Hawk's Pro Skater 4
52,Devil May Cry
53,Call of Duty 4: Modern Warfare
54,Madden NFL 2002
55,God of War
56,The Legend of Zelda: Ocarina of Time 3D
57,Chrono Cross
58,Madden NFL 2004
59,Gears of War
60,The Elder Scrolls IV: Oblivion
61,Sid Meier's Civilization II
62,Quake
63,Halo 3
64,Ninja Gaiden Black
65,Street Fighter IV
66,Celeste
67,Super Mario Advance 4: Super Mario Bros. 3
68,Jet Grind Radio
69,Metal Gear Solid
70,Grim Fandango
71,Tom Clancy's Splinter Cell Chaos Theory
72,Burnout 3: Takedown
73,Diablo
74,Metal Gear Solid 3: Subsistence
75,Metal Gear Solid 4: Guns of the Patriots
76,NCAA Football 2004
77,Star Wars: Knights of the Old Republic
78,Sid Meier's Civilization IV
79,Virtua Fighter 4
80,Super Mario 64
81,The Witcher 3: Wild Hunt
82,Super Smash Bros. Brawl
83,Company of Heroes
84,Gran Turismo 2
85,Tom Clancy's Splinter Cell Pandora Tomorrow
86,Grand Theft Auto: Chinatown Wars
87,Pac-Man Championship Edition DX
88,Street Fighter Alpha 3
89,Divinity: Original Sin II
90,Unreal Tournament 2004
91,Braid
92,God of War II
93,Super Mario 3D World
94,Starcraft II: Wings of Liberty
95,SSX
96,Minecraft
97,Persona 5
98,Persona 4 Golden
99,SSX 3
100,Tom Clancy's Splinter Cell
101,Quake III Arena
102,Homeworld
103,Okami
104,Fallout 3
105,Gears of War 2
106,SoulCalibur II
107,World Soccer Winning Eleven 6 International
108,NFL 2K3
109,Mass Effect 3
110,Skies of Arcadia
111,The Legend of Zelda: Skyward Sword
112,Mario Kart Super Circuit
113,Rock Band 3
114,Viewtiful Joe
115,Test Drive Le Mans
116,NBA 2K1
117,Castlevania: Symphony of the Night
118,Virtua Fighter 4: Evolution
119,Uncharted 4: A Thief's End
120,Paper Mario
121,Wipeout XL
122,INSIDE
123,World of Warcraft
124,Flipnote Studio
125,World Soccer Winning Eleven 7 International
126,NBA 2K2
127,Prince of Persia: The Sands of Time
128,Divinity: Original Sin II - Definitive Edition
129,God of War III
130,SSX Tricky
131,NHL 2002
132,Guitar Hero II
133,Uncharted 3: Drake's Deception
134,Rock Band
135,Journey
136,Bloodborne
137,Eternal Darkness: Sanity's Requiem
138,Warcraft III: Reign of Chaos
139,The Sims
140,Banjo-Kazooie
141,Sid Meier's Gettysburg!
142,Rock Band 2
143,Forza Motorsport
144,Super Street Fighter IV
145,Advance Wars
146,Vagrant Story
147,What Remains of Edith Finch
148,Team Fortress 2
149,System Shock 2
150,Tom Clancy's Splinter Cell: Chaos Theory
151,Final Fantasy XII
152,Undertale
153,Super Mario World: Super Mario Advance 2
154,ESPN NFL 2K5
155,Super Smash Bros. Melee
156,Rome: Total War
157,Forza Motorsport 3
158,Okami HD
159,Batman: Arkham Asylum
160,Super Mario Sunshine
161,Tony Hawk's Pro Skater
162,Thief: The Dark Project
163,Fire Emblem: Awakening
164,Age of Empires II: The Age of Kings
165,Final Fantasy X
166,The Walking Dead: A Telltale Games Series
167,Unreal Tournament (1999)
168,Sid Meier's Alpha Centauri
169,Wave Race 64
170,Galactic Civilizations II: Twilight of the Arnor
171,Super Smash Bros. for Wii U
172,Into the Breach
173,Final Fantasy VII
174,Chrono Trigger
175,Bayonetta 2
176,Xenoblade Chronicles
177,Conker's Bad Fur Day
178,Medal of Honor
179,PaRappa the Rapper
180,Mario Kart 8 Deluxe
181,The ICO & Shadow of the Colossus Collection
182,Rayman Origins
183,Metroid Prime 2: Echoes
184,Out of the Park Baseball 17
185,Metroid Fusion
186,The Witcher 3: Wild Hunt - Blood and Wine
187,Final Fantasy VI Advance
188,Rayman Legends
189,Tiger Woods PGA Tour 2003
190,Madden NFL 2005
191,Dark Souls II
192,Dishonored
193,ESPN NFL Football
194,Medal of Honor: Allied Assault
195,Myth: The Fallen Lords
196,LittleBigPlanet 2
197,Guitar Hero
198,World of Warcraft: Wrath of the Lich King
199,Metroid Prime Trilogy
200,Overwatch
201,F1 Challenge '99-'02
202,Madden NFL 2001
203,Baldur's Gate
204,Klonoa 2: Lunatea's Veil
205,IL-2 Sturmovik
206,Mario Tennis
207,FreeSpace 2
208,Colony Wars
209,Ratchet & Clank: Up Your Arsenal
210,Resident Evil
211,FIFA Soccer 10
212,Assassin's Creed II
213,Metal Gear Solid 3: Snake Eater
214,Twisted Metal: Black
215,Spyro: Year of the Dragon
216,Tomb Raider
217,Resident Evil 4: Wii Edition
218,Shadow of the Colossus
219,Forza Horizon 3
220,Peggle
221,The Legend of Zelda: Ocarina of Time / Master Quest
222,Borderlands 2
223,Kentucky Route Zero - Act III
224,NCAA Football 2003
225,Crysis
226,Ninja Gaiden
227,God of War: Chains of Olympus
228,DOA2: Hardcore
229,World of Warcraft: The Burning Crusade
230,MLB 10: The Show
231,Yoshi's Island: Super Mario Advance 3
232,Tiger Woods PGA Tour 2005
233,The Longest Journey
234,Star Wars Jedi Knight: Dark Forces II
235,Halo: Reach
236,Galactic Civilizations II: Dark Avatar
237,Mass Effect
238,The Operative: No One Lives Forever
239,Forza Motorsport 4
240,Battlefield 2
241,God of War Collection
242,Fez
243,Planescape: Torment
244,Sonic Mania Plus
245,Gears of War 3
246,Killzone 2
247,Neverwinter Nights
248,Castlevania: Aria of Sorrow
249,No One Lives Forever 2: A Spy in H.A.R.M.'s Way
250,Legacy of Kain: Soul Reaver
251,Dragon Age: Origins
252,Dead Cells
253,Golden Sun
254,Mark of the Ninja
255,World Soccer Winning Eleven 8 International
256,SteamWorld Heist: Ultimate Edition
257,The Legend of Zelda: A Link Between Worlds
258,Castlevania: Circle of the Moon
259,Far Cry 3
260,Shovel Knight: Treasure Trove
261,flower
262,Mario Kart DS
263,Call of Duty
264,Mario Golf
265,Crash Bandicoot 3: Warped
266,Project Gotham Racing 2
267,NBA 2K12
268,The Sims 2
269,World of Warcraft: Cataclysm
270,Rayman 2: The Great Escape
271,Bayonetta
272,Diablo III: Ultimate Evil Edition
273,ICO
274,Tom Clancy's Ghost Recon Advanced Warfighter
275,FIFA Soccer 12
276,Mario & Luigi: Superstar Saga
277,Shovel Knight
278,Tony Hawk's Underground
279,Marvel vs. Capcom 2
280,Ape Escape
281,Syphon Filter
282,Mario & Luigi: Bowser's Inside Story
283,Trials Evolution
284,Grand Theft Auto IV: The Lost and Damned
285,Spelunky
286,Ratchet & Clank: Going Commando
287,NBA Street Vol. 2
288,Tennis 2K2
289,Black & White
290,The Legend of Zelda: The Wind Waker HD
291,Portal
292,The Legend of Zelda: Phantom Hourglass
293,MVP Baseball 2004
294,Dance Dance Revolution
295,NHL 2001
296,Advance Wars: Dual Strike
297,MLB 11: The Show
298,NieR: Automata - Become as Gods Edition
299,Jak and Daxter: The Precursor Legacy
300,Star Wars Rogue Leader: Rogue Squadron II
301,Monster Hunter: World
302,Stephen's Sausage Roll
303,Velocity 2X
304,Burnout Revenge
305,NCAA Football 2002
306,Unreal Tournament
307,Deus Ex
308,Donkey Kong 64
309,Panzer Dragoon Orta
310,Portal: Still Alive
311,Half-Life 2: Episode Two
312,The Chronicles of Riddick: Escape From Butcher Bay - Developer's Cut
313,Shin Megami Tensei: Persona 4
314,MLB 09: The Show
315,Blast Corps
316,Sid Meier's Civilization III
317,NFL 2K2
318,WWF SmackDown! 2: Know Your Role
319,LIMBO
320,Silent Hunter III
321,Assassin's Creed: Brotherhood
322,Super Meat Boy
323,Dead Space 2
324,Pikmin 2
325,NBA 2K17
326,Grandia II
327,Geometry Wars: Retro Evolved 2
328,Sid Meier's Civilization V
329,Super Mario 3D Land
330,Mario Kart 8 DLC Pack 2
331,Falcon 4.0: Allied Force
332,Deus Ex: Human Revolution
333,XCOM: Enemy Unknown
334,Metroid Prime 3: Corruption
335,Flight Simulator 2002
336,Banjo-Tooie
337,Brothers: A Tale of Two Sons
338,Dota 2
339,Hollow Knight
340,TimeSplitters 2
341,Guild Wars 2
342,Forza Motorsport 2
343,Tales From The Borderlands: Episode 5 - The Vault of the Traveler
344,Pushmo
345,The Witcher 3: Wild Hunt - Hearts of Stone
346,Metal Gear Solid HD Collection
347,Freedom Force
348,Colin McRae Rally 2.0
349,FIFA Soccer 13
350,GTR 2
351,NBA 2K13
352,Total War: Shogun 2
353,Empire: Total War
354,Bayonetta + Bayonetta 2
355,Kentucky Route Zero - Act IV
356,Guacamelee! Super Turbo Championship Edition
357,ESPN NHL Hockey
358,Rayman 2 Revolution
359,Final Fantasy VIII
360,Beetle Adventure Racing
361,Command & Conquer: Red Alert
362,Star Wars Jedi Knight II: Jedi Outcast
363,Wipeout HD Fury
364,Halo 2 Multiplayer Map Pack
365,Shin Megami Tensei: Persona 3 Portable
366,Call of Duty 2
367,Dragon Quest VIII: Journey of the Cursed King
368,Metroid: Zero Mission
369,The Legend of Zelda: Majora's Mask 3D
370,Skylanders Swap Force
371,Tiger Woods PGA Tour 2004
372,Age of Mythology
373,Pikmin
374,Sacrifice
375,Samba de Amigo
376,Wipeout 3
377,Plants vs. Zombies
378,Dark Souls III
379,Rez HD
380,NBA Street V3
381,Demon's Souls
382,Pillars of Eternity
383,The Elder Scrolls III: Morrowind
384,Fable II
385,Rez Infinite
386,Rocksmith 2014 Edition
387,NHL 2K3
388,Final Fantasy Chronicles
389,Fallout
390,The Beatles: Rock Band
391,Left 4 Dead 2
392,World Soccer Winning Eleven 9
393,Worldwide Soccer Manager 2005
394,Axiom Verge
395,Left 4 Dead
396,Titanfall 2
397,F1 2017
398,3D Gunstar Heroes
399,Jade Empire
400,NBA 2K3
401,NASCAR Racing 2002 Season
402,Phantasy Star Online
403,Resident Evil 2
404,Tekken 2
405,Need for Speed: Hot Pursuit
406,F-Zero GX
407,Dark Souls
408,Need for Speed: Hot Pursuit 2
409,Grand Theft Auto IV: The Ballad of Gay Tony
410,The Legend of Zelda: The Minish Cap
411,NCAA Football 2005
412,Combat Mission: Barbarossa to Berlin
413,Homeworld: Cataclysm
414,Cave Story
415,Dark Souls II: Scholar of the First Sin
416,The Walking Dead: Episode 5 - No Time Left
417,Guild Wars
418,Guitar Hero 5
419,Ace Combat 04: Shattered Skies
420,Max Payne
421,3D Streets of Rage II
422,Out of the Park Baseball 15
423,World in Conflict
424,FIFA Soccer 11
425,Final Fantasy XIV: Stormblood
426,Stardew Valley
427,Castlevania: Dawn of Sorrow
428,Sonic Adventure 2
429,NASCAR Racing 4
430,Duke Nukem 3D
431,L.A. Noire
432,Bastion
433,Far Cry
434,Dead Space
435,Lone Echo
436,Rise of Nations
437,Shin Megami Tensei: Persona 3 FES
438,Burnout 2: Point of Impact
439,World Series Baseball 2K3
440,NASCAR Racing 2003 Season
441,Descent 3
442,The Curse of Monkey Island
443,Dark Souls: Artorias of the Abyss
444,Battlefield 3
445,Owlboy
446,Battlefield 1942
447,Einhander
448,The Chronicles of Riddick: Escape From Butcher Bay
449,WWF No Mercy
450,Gran Turismo 4
451,Dragon Age: Inquisition
452,Advance Wars 2: Black Hole Rising
453,DiRT 2
454,Lumines
455,Ratchet & Clank Future: Tools of Destruction
456,Tom Clancy's Splinter Cell Double Agent
457,New Super Mario Bros.
458,Silent Hill 2
459,Battlefield 1
460,Metal Gear Solid: Peace Walker
461,Virtua Fighter 5 Online
462,"WarioWare, Inc.: Mega Microgame$!"
463,Grandia
464,Colors! 3D
465,Destiny: The Taken King
466,NBA 2K11
467,Horizon Zero Dawn
468,Injustice 2
469,Minecraft: PlayStation 4 Edition
470,Top Spin
471,ESPN NBA Basketball
472,NBA Street
473,Railroad Tycoon II
474,Burnout Paradise
475,Wipeout Pure
476,XCOM 2: War of the Chosen
477,Fallout 4
478,Microsoft Flight Simulator 2004: A Century of Flight
479,Medieval: Total War
480,Shenmue II
481,Excitebike 64
482,R4: Ridge Racer Type 4
483,Shadow Complex
484,Mafia
485,N++
486,Call of Duty: Modern Warfare 3
487,Brothers in Arms: Road to Hill 30
488,Deus Ex: Human Revolution - Director's Cut
489,Madden NFL 06
490,Dragon Quest XI: Echoes of an Elusive Age
491,Nuclear Throne
492,Crusader Kings II: The Old Gods
493,Crash Team Racing
494,DJ Hero 2
495,Pinball FX 2: Marvel Pinball - Avengers Chronicles
496,Medal of Honor Frontline
497,Superbike 2001
498,Ultimate Fighting Championship
499,Wolfenstein II: The New Colossus
500,Mario Kart 8
501,Super Mario Maker
502,NHL 11
503,Divinity: Original Sin Enhanced Edition
504,Tekken 5
505,F.E.A.R.
506,Psychonauts
507,The Binding of Isaac: Rebirth
508,FIFA 14
509,NHL 10
510,BioShock 2
511,Kerbal Space Program
512,Ori and the Blind Forest: Definitive Edition
513,Tribes 2
514,Age of Empires II: The Conquerors Expansion
515,Diddy Kong Racing
516,Star Fox 64
517,NHL 09
518,NieR: Automata
519,Meteos
520,Zero Escape: Virtue's Last Reward
521,Dishonored 2
522,Rise of the Tomb Raider: 20 Year Celebration
523,Uncharted: Drake's Fortune
524,The Banner Saga 3
525,Tom Clancy's Rainbow Six Vegas
526,Super Street Fighter II Turbo HD Remix
527,Warcraft III: The Frozen Throne
528,Tactics Ogre: The Knight of Lodis
529,Starcraft
530,Assassin's Creed IV: Black Flag
531,Battlefield: Bad Company 2
532,The Last of Us: Left Behind
533,Tiger Woods PGA Tour 10
534,Star Wars Pinball: Balance of the Force
535,Fight Night Round 2
536,The Secret of Monkey Island: Special Edition
537,Project Gotham Racing 3
538,The World Ends with You
539,Torchlight II
540,XCOM 2
541,Injustice 2: Legendary Edition
542,Cuphead
543,Minecraft: Xbox One Edition
544,XCOM: Enemy Within
545,FIFA Soccer 2003
546,Ratchet & Clank
547,JSRF: Jet Set Radio Future
548,Red Faction
549,Myth II: Soulblighter
550,Ninja Gaiden Sigma
551,Fire Emblem Fates: Special Edition
552,Pinball FX 2
553,Final Fantasy Tactics: The War of the Lions
554,Wario Land 4
555,The Elder Scrolls III: Morrowind Game of the Year Edition
556,WarioWare: Twisted!
557,Pokemon Y
558,Call of Duty: Black Ops
559,Return to Castle Wolfenstein
560,Ori and the Blind Forest
561,NCAA Football 07
562,Shogo: Mobile Armor Division
563,Thirty Flights of Loving
564,The Witcher 2: Assassins of Kings
565,Hearthstone: Heroes of Warcraft
566,Grand Theft Auto: Liberty City Stories
567,The Walking Dead: Episode 3 - Long Road Ahead
568,Pillars of Eternity II: Deadfire
569,Medieval II: Total War
570,Sly 2: Band of Thieves
571,Doom 3
572,Aggressive Inline
573,F1 2002
574,Tekken: Dark Resurrection
575,The Stanley Parable
576,ESPN NHL 2K5
577,Counter-Strike: Source
578,Fire Emblem
579,Fire Emblem Fates: Revelation
580,Sid Meier's Civilization VI
581,Starcraft II: Legacy of the Void
582,Diablo III
583,Fight Night Round 4
584,Oddworld: Stranger's Wrath
585,Rise of Nations: Thrones & Patriots
586,Sid Meier's Pirates!
587,Error 503 Service Unavailable
588,EVE Online: Special Edition
589,SteamWorld Dig 2
590,LittleBigPlanet PS Vita
591,Guacamelee! Gold Edition
592,Armadillo Run
593,Ikaruga
594,World of Warcraft: Legion
595,Art of Balance
596,MVP Baseball 2005
597,Keep Talking and Nobody Explodes
598,Joe Danger: Special Edition
599,Cave Story +
600,Crimson Skies: High Road to Revenge
601,NASCAR Thunder 2004
602,Dark Age of Camelot
603,Baldur's Gate II: Throne of Bhaal
604,Counter-Strike
605,The Talos Principle
606,Battlefield: Bad Company 2 Vietnam
607,Night in the Woods
608,Ridge Racer
609,Nex Machina: Death Machine
610,Nioh
611,Animal Crossing: New Leaf
612,Diablo II
613,Hellblade: Senua's Sacrifice
614,Oddworld: Abe's Exoddus
615,GRID
616,Middle-earth: Shadow of Mordor
617,Halo 4
618,Football Manager 2010
619,Bloodborne: The Old Hunters
620,SOCOM II: U.S. Navy SEALs
621,The Witness
622,DOOM
623,BlazBlue: Calamity Trigger
624,Rallisport Challenge 2
625,Oddworld: Abe's Oddysee - New 'n' Tasty
626,Midnight Club 3: DUB Edition Remix
627,Marvel's Spider-Man
628,Monkey Island 2 Special Edition: LeChuck's Revenge
629,Red Dead Redemption: Undead Nightmare Pack
630,Pokemon White Version
631,Dragon Quest IX: Sentinels of the Starry Skies
632,Pokemon X
633,Tom Clancy's Splinter Cell: Pandora Tomorrow
634,Baldur's Gate: Dark Alliance
635,Europa Universalis II
636,Metropolis Street Racer
637,Power Stone 2
638,Burnout Paradise: The Ultimate Box
639,FIFA Soccer 09
640,Subnautica
641,Jeanne d'Arc
642,Street Fighter V: Arcade Edition
643,Guacamelee!
644,Steins;Gate
645,NCAA Football 06
646,DiRT 3
647,Critter Crunch
648,Crypt of the NecroDancer
649,La-Mulana
650,Max Payne 3
651,Pokemon Sun
652,Sins of a Solar Empire
653,The Walking Dead: Season Two Episode 5 - No Going Back
654,Heavy Rain
655,Super Monkey Ball 2
656,MechWarrior 4: Vengeance
657,Thief II: The Metal Age
658,Tactics Ogre: Let Us Cling Together
659,Diablo II: Lord of Destruction
660,Half-Life 2: Episode One
661,Devil May Cry 3: Special Edition
662,Mass Effect 2: Lair of the Shadow Broker
663,Syphon Filter: Dark Mirror
664,The Swapper
665,Pokemon SoulSilver Version
666,Castlevania: Harmony of Dissonance
667,Dragon Ball FighterZ
668,Hitman 2: Silent Assassin
669,Year Walk
670,Batman: Arkham Knight
671,Dead or Alive 3
672,Jak II
673,Mario Kart 8 DLC Pack 1
674,Final Fantasy Tactics Advance
675,Pokemon Moon
676,New Super Mario Bros. Wii
677,Elite Beat Agents
678,Beyond Good & Evil
679,Paper Mario: The Thousand-Year Door
680,DJ Hero
681,TowerFall Ascension
682,Mario Kart: Double Dash!!
683,Battlefield 3: Armored Kill
684,Metal Gear Solid 2: Substance
685,Rallisport Challenge
686,Bangai-O
687,Icewind Dale
688,Forza Motorsport 6
689,Donkey Kong Country Returns
690,Bully
691,The Messenger
692,Fire Emblem Fates: Conquest
693,Tearaway
694,Skylanders SuperChargers
695,Rocket League
696,Metal Gear Solid: Portable Ops
697,Enter the Gungeon
698,3D Sonic the Hedgehog 2
699,Zack & Wiki: Quest for Barbaros' Treasure
700,MLB 13: The Show
701,MechAssault
702,Kohan: Immortal Sovereigns
703,Animal Crossing
704,Hotline Miami
705,BlazBlue: Continuum Shift
706,SteamWorld Heist
707,The Legend of Zelda: Spirit Tracks
708,Raw Data
709,Disgaea: Afternoon of Darkness
710,Pokemon HeartGold Version
711,Diablo III: Reaper of Souls
712,Little King's Story
713,Pro Evolution Soccer 2017
714,Pro Evolution Soccer 2016
715,Bionic Commando Rearmed
716,Zero Escape: The Nonary Games
717,NASCAR 2005: Chase for the Cup
718,Shogun: Total War Warlord Edition
719,Serious Sam: The First Encounter
720,Grand Prix 3
721,MLB 12: The Show
722,Pokemon Black Version
723,Call of Duty: United Offensive
724,Odin Sphere Leifthrasir
725,Wipeout HD
726,Divinity: Original Sin
727,Company of Heroes: Opposing Fronts
728,3D Out Run
729,Destiny 2
730,Bit.Trip Presents...Runner2: Future Legend of Rhythm Alien
731,Sin & Punishment: Star Successor
732,Forza Horizon 3: Blizzard Mountain
733,Out of the Park Baseball 4
734,Super Monkey Ball
735,Velocity
736,Iconoclasts
737,Pinball FX 2: Star Wars Pinball
738,Resistance 2
739,Europa Universalis IV
740,NBA 2K16
741,Pikmin 3
742,NHL 2004
743,Zeus: Master of Olympus
744,Driver
745,Dark Souls II: Crown of the Ivory King
746,Velocity Ultra
747,Puzzle Quest: Challenge of the Warlords
748,Total War: WARHAMMER II
749,Forza Horizon 3: Hot Wheels
750,Hex: Shards of Fate
751,World of Warcraft: Warlords of Draenor
752,PixelJunk Shooter
753,"Warhammer 40,000: Dawn of War - Dark Crusade"
754,Dark Cloud 2
755,Kingdom Hearts II
756,NBA 2K14
757,Ratchet & Clank Future: A Crack in Time
758,MotoGP 2
759,Guilty Gear X2
760,Sonic Advance
761,Commandos 2: Men of Courage
762,Spider-Man
763,Tenchu: Stealth Assassins
764,Shin Megami Tensei: Persona 3
765,PixelJunk Monsters Deluxe
766,Unreal Tournament III
767,LostWinds: Winter of the Melodias
768,Thumper
769,Gone Home
770,Pac-Man Championship Edition DX +
771,Kirby's Epic Yarn
772,Bomberman Blast
773,Uncharted: The Nathan Drake Collection
774,The Elder Scrolls IV: Shivering Isles
775,Supreme Commander
776,Tales from the Borderlands: A Telltale Game Series
777,Total War: Shogun 2 - Fall of the Samurai
778,Startopia
779,NBA Live 2001
780,Enemy Engaged: RAH-66 Comanche Versus Ka-52 Hokum
781,Silent Hill
782,Fallout 2
783,Kirby: Canvas Curse
784,Burnout Legends
785,Final Fantasy XIV: Heavensward
786,Football Manager 2013
787,Out of the Park Baseball 14
788,DiRT Rally
789,The Witcher: Enhanced Edition
790,Crypt of the NecroDancer: Nintendo Switch Edition
791,UFC Undisputed 3
792,Borderlands: The Secret Armory of General Knoxx
793,Astebreed
794,Winning Eleven: Pro Evolution Soccer 2007
795,Onimusha: Warlords
796,Ground Control
797,Killer Instinct Season 3
798,Valkyria Chronicles
799,Pillars of Eternity: Complete Edition
800,Resistance: Fall of Man
801,Boom Blox Bash Party
802,Rise of the Tomb Raider
803,Total War: WARHAMMER
804,Might & Magic: Clash of Heroes
805,Resident Evil 5
806,Saints Row IV
807,Need for Speed: Most Wanted U
808,Unavowed
809,DmC: Devil May Cry Definitive Edition
810,Mercenaries
811,Final Fantasy X / X-2 HD Remaster
812,Black Mesa
813,Guitar Hero: Metallica
814,EverQuest: Omens of War
815,Golden Sun: The Lost Age
816,Steel Beasts
817,Test Drive V-Rally
818,Total Annihilation
819,Monster Hunter 4 Ultimate
820,Patapon
821,Sid Meier's Civilization IV: Beyond the Sword
822,Sky Force Reloaded
823,The Sims 3
824,Freedom Force vs The 3rd Reich
825,Fluidity
826,Thimbleweed Park
827,Titanfall
828,Donkey Kong Country: Tropical Freeze
829,Picross 3D: Round 2
830,Tribes: Ascend
831,Borderlands 2: Tiny Tina's Assault on Dragon Keep
832,Lunar 2: Eternal Blue Complete
833,Alundra
834,Minecraft: Switch Edition
835,Gears of War 4
836,Shantae and the Pirate's Curse
837,Guilty Gear Xrd -REVELATOR-
838,Pinball FX 2: Marvel Pinball
839,God of War: Ghost of Sparta
840,Trials HD
841,Her Story
842,Punch-Out!!
843,ESPN College Hoops 2K5
844,Suikoden III
845,Radiant Silvergun
846,Starcraft II: Heart of the Swarm
847,Resident Evil 7: biohazard
848,LEGO Star Wars II: The Original Trilogy
849,Guilty Gear X2 #Reload
850,Midnight Club II
851,Dungeon Siege
852,Star Wars: Knights of the Old Republic II: The Sith Lords
853,Crysis 2
854,Crashmo
855,Mario & Luigi: Partners in Time
856,Mortal Kombat
857,Guitar Hero World Tour
858,SoulCalibur III
859,NHL 12
860,NCAA Football 11
861,Street Fighter III: Third Strike Online Edition
862,Final Fantasy XII: The Zodiac Age
863,Max Payne 2: The Fall of Max Payne
864,Homeworld Remastered Collection
865,Galactic Civilizations II: Dread Lords
866,Planet Puzzle League
867,Animal Crossing: Wild World
868,DmC: Devil May Cry
869,Medal of Honor Underground
870,Dino Crisis 2
871,Star Trek: Voyager Elite Force
872,Need for Speed: High Stakes
873,Professor Layton and the Unwound Future
874,We Love Katamari
875,Worldwide Soccer Manager 2008
876,Dance Central 2
877,Sly Cooper and the Thievius Raccoonus
878,IL-2 Sturmovik: Forgotten Battles
879,Geometry Wars: Retro Evolved
880,Fight Night Round 3
881,F1 2016
882,Amplitude
883,Minecraft: PlayStation 3 Edition
884,Sonic Mania
885,The Legend of Zelda: Four Swords Adventures
886,Joe Danger
887,Tales of Symphonia
888,Fight Night Champion
889,NBA Live 2004
890,Colin McRae Rally 3
891,Tom Clancy's Rainbow Six 3
892,Unreal Tournament 2003
893,Age of Wonders II: The Wizard's Throne
894,Daytona USA
895,Links 2001
896,EverQuest: The Ruins of Kunark
897,Full Throttle
898,Katamari Damacy
899,The Lord of the Rings Online: Shadows of Angmar
900,Grand Theft Auto: Vice City Stories
901,Pony Island
902,Tomb Raider: Definitive Edition
903,"Warhammer 40,000: Dawn of War"
904,Tom Clancy's Ghost Recon Advanced Warfighter 2
905,Tales From Space: Mutant Blobs Attack
906,Skate
907,Warhammer Online: Age of Reckoning
908,PlayerUnknown's Battlegrounds
909,Advance Wars: Days of Ruin
910,The Elder Scrolls IV - Knights of the Nine
911,Forza Horizon 2
912,Observer
913,ZEN Pinball 2
914,Moto Racer Advance
915,Command & Conquer: Red Alert 2 - Yuri's Revenge
916,Europa Universalis
917,Escape from Monkey Island
918,Robo Recall
919,IL-2 Sturmovik: 1946
920,Dance Central 3
921,Shatter
922,Final Fantasy XIV Online: A Realm Reborn
923,Luigi's Mansion: Dark Moon
924,Guitar Hero III: Legends of Rock
925,Battlefield 3: Back to Karkand
926,F-Zero: Maximum Velocity
927,West of Loathing
928,Dying Light: The Following
929,Heroes of the Storm
930,DiRT 4
931,Code:Realize - Guardian of Rebirth
932,Civilization III: Conquests
933,Turok 2: Seeds of Evil
934,Path of Exile
935,Guilty Gear Xrd: Rev 2
936,OlliOlli2: Welcome to Olliwood
937,Forza Motorsport 7
938,Lovers in a Dangerous Spacetime
939,NHL 08
940,Mortal Kombat X
941,Gunman Clive HD Collection
942,Persona 4 Arena
943,Viewtiful Joe 2
944,Day of the Tentacle Remastered
945,Xenoblade Chronicles 3D
946,Fire Emblem Fates: Birthright
947,The Legend of Zelda: Twilight Princess HD
948,Dark Souls Remastered
949,The Legend of Heroes: Trails of Cold Steel
950,Resogun: Heroes
951,Tetris Party
952,Allegiance
953,Monster Hunter Generations
954,Radiant Historia
955,Shantae: Risky's Revenge
956,Castlevania: Portrait of Ruin
957,Tom Clancy's Splinter Cell: Conviction
958,Cities: Skylines
959,Project Gotham Racing 4
960,Metroid Prime: Hunters
961,Metroid: Samus Returns
962,Ni no Kuni: Wrath of the White Witch
963,The Wolf Among Us: Episode 1 - Faith
964,UFC Undisputed 2010
965,Bad Request
966,Falcon 4.0
967,Tom Clancy's Rainbow Six
968,Oddworld: Abe's Oddysee
969,Legend of Grimrock II
970,Madden NFL 09
971,The Sly Collection
972,Tatsunoko vs. Capcom: Ultimate All-Stars
973,"Sam & Max Episode 205: What's New, Beelzebub?"
974,Daxter
975,Hearthstone: Whispers of the Old Gods
976,MLB 08: The Show
977,Unreal Championship 2: The Liandri Conflict
978,Yakuza 0
979,Firewatch
980,Battlefield 4
981,Tom Clancy's Rainbow Six: Vegas
982,Super Street Fighter IV: 3D Edition
983,City of Heroes
984,Mass Effect 3: Special Edition
985,Castle Crashers
986,Pokemon Pearl Version
987,Lara Croft and the Guardian of Light
988,BlazBlue: Chrono Phantasma Extend
989,SWAT 4
990,Clive Barker's Undying
991,Rollcage Stage II
992,EverQuest
993,F-Zero X
994,Trials Evolution: Origin of Pain
995,Bravely Default
996,Far Cry Instincts
997,"Warhammer 40,000: Dawn of War II"
998,Paradigm
999,Tekken Tag Tournament
1000,Onimusha 3: Demon Siege
1001,Red Faction: Guerrilla
1002,Final Fantasy X-2
1003,Guacamelee! 2
1004,Battlerite
1005,Command & Conquer 3: Tiberium Wars
1006,Madden NFL 10
1007,Assassin's Creed III
1008,Astro Boy: Omega Factor
1009,Life is Strange
1010,Nioh: Bloodshed's End
1011,Out of the Park Baseball 13
1012,World Series Baseball
1013,Wizardry 8
1014,Aliens Versus Predator 2
1015,Operation Flashpoint: Cold War Crisis
1016,Rumble Racing
1017,Metal Slug X
1018,Tropico
1019,Giants: Citizen Kabuto
1020,MotoGP 3: Ultimate Racing Technology
1021,Dead or Alive 4
1022,NASCAR SimRacing
1023,Pure
1024,LocoRoco 2
1025,The Lord of the Rings Online: Mines of Moria
1026,SoulCalibur IV
1027,Kingdom Hearts
1028,The Binding of Isaac: Afterbirth
1029,Amnesia: The Dark Descent
1030,Project Gotham Racing
1031,Fable
1032,Forza Horizon
1033,Chaos Reborn
1034,Assassin's Creed Origins
1035,GTR: FIA GT Racing Game
1036,Shadow Hearts: Covenant
1037,Rogue Legacy
1038,Syphon Filter: Logan's Shadow
1039,Football Manager 2011
1040,Dust: An Elysian Tail
1041,NBA Live 2005
1042,South Park: The Stick of Truth
1043,Yakuza Kiwami 2
1044,Fire Emblem: The Sacred Stones
1045,Dark Souls: Prepare to Die Edition
1046,The Binding of Isaac: Afterbirth +
1047,Shadow Tactics: Blades of the Shogun
1048,Super Smash Bros. for Nintendo 3DS
1049,Medieval II: Total War Kingdoms
1050,Call of Duty: World at War
1051,DJMax Respect
1052,SUPERHOT VR
1053,Resogun: Defenders
1054,The Legend of Zelda: Four Swords Anniversary Edition
1055,Maboshi's Arcade
1056,Peggle Deluxe
1057,WWE SmackDown! Here Comes the Pain
1058,Hot Shots Golf 3
1059,Monopoly Tycoon
1060,FIFA 2001 Major League Soccer
1061,Indigo Prophecy
1062,Prince of Persia: The Two Thrones
1063,Sam & Max Episode 204: Chariots of the Dogs
1064,Marvel vs. Capcom 3: Fate of Two Worlds
1065,Assetto Corsa
1066,Ys VIII: Lacrimosa of DANA
1067,Machinarium
1068,Frozen Synapse
1069,Champions of Norrath
1070,Freelancer
1071,Zenzizenzic
1072,NBA Jam: On Fire Edition
1073,Galactic Civilizations III: Crusade
1074,Final Fantasy IV Advance
1075,Final Fantasy XV: Windows Edition
1076,Super Stardust HD
1077,Sine Mora
1078,Super Paper Mario
1079,Mega Man Legacy Collection
1080,Star Wars: Rogue Squadron
1081,"Warhammer 40,000: Dawn of War II - Chaos Rising"
1082,Far Cry 2
1083,Professor Layton and the Curious Village
1084,AudioSurf
1085,Super Mario 64 DS
1086,Dead Rising
1087,MLB The Show 17
1088,BattleBlock Theater
1089,Star Wars: Knights of the Old Republic II - The Sith Lords
1090,Mario Kart 7
1091,Halo: The Master Chief Collection
1092,Batman: The Enemy Within - Episode 5: Same Stitch
1093,Phantasy Star Online Episode I & II
1094,Assault Android Cactus
1095,Persona 4 Arena Ultimax
1096,Darksiders II
1097,Fire Emblem: Path of Radiance
1098,Final Fantasy XI
1099,Full Metal Furies
1100,Super Mega Baseball
1101,DDRMAX: Dance Dance Revolution
1102,NASCAR Thunder 2002
1103,F355 Challenge
1104,The Elder Scrolls III: Bloodmoon
1105,Boom Blox
1106,Madden NFL 08
1107,Shantae: Half-Genie Hero - Ultimate Edition
1108,Castlevania: Lords of Shadow
1109,Pokemon Diamond Version
1110,Virtua Fighter 5
1111,Thief: Deadly Shadows
1112,Sam & Max: The Devil's Playhouse - Episode 2: The Tomb of Sammun-Mak
1113,The Wolf Among Us: Episode 5 - Cry Wolf
1114,Football Manager 2014
1115,System Shock: Enhanced Edition
1116,Metal Gear Solid: The Twin Snakes
1117,EverQuest: Gates of Discord
1118,The Lord of the Rings: The Return of the King
1119,NASCAR Thunder 2003
1120,Fight Night 2004
1121,Wipeout: Omega Collection
1122,Mortal Kombat XL
1123,Sid Meier's Civilization V: Brave New World
1124,The Warriors
1125,Geometry Wars 3: Dimensions
1126,MLB The Show 16
1127,Final Fantasy IV
1128,Darkest Dungeon
1129,Mutant Mudds Collection
1130,NeuroVoider
1131,The Last Door: Season 2
1132,Brothers in Arms: Earned in Blood
1133,Far Cry 4
1134,Tetris
1135,Trine 2
1136,Need for Speed Underground
1137,Serious Sam: The Second Encounter
1138,The Sims: Hot Date
1139,American McGee's Alice
1140,Turok: Dinosaur Hunter
1141,Castlevania: Order of Ecclesia
1142,Batman: Arkham City - Armored Edition
1143,Chime Sharp
1144,Trials Evolution: Gold Edition
1145,Prince of Persia
1146,Moss
1147,Sid Meier's Civilization Revolution
1148,ESPN NBA 2K5
1149,"Warhammer 40,000: Dawn of War - Winter Assault"
1150,Silent Hill 3
1151,Terraria
1152,Starcraft Remastered
1153,NBA 2K18
1154,Planescape: Torment - Enhanced Edition
1155,Pyre
1156,Tony Hawk's Underground 2
1157,FIFA 17
1158,inFamous
1159,"Papers, Please"
1160,Space Invaders Extreme
1161,Tiger Woods PGA Tour 12: The Masters
1162,Radiant Historia: Perfect Chronology
1163,Star Wars: The Old Republic
1164,Mario + Rabbids: Kingdom Battle
1165,Flat Heroes
1166,Gone Home: Console Edition
1167,Ratchet & Clank: Size Matters
1168,FIFA 07 Soccer
1169,Anarchy Online: Shadowlands
1170,Dark Age of Camelot: Shrouded Isles
1171,NASCAR: Dirt to Daytona
1172,Dave Mirra Freestyle BMX 2
1173,NFL Blitz 2000
1174,Obsidian
1175,Battlefield: Bad Company
1176,Mario Golf: Advance Tour
1177,Two Point Hospital
1178,The Walking Dead: Episode 2 - Starved for Help
1179,Saints Row: The Third
1180,Bomberman Live
1181,Ni no Kuni II: Revenant Kingdom
1182,Project CARS 2
1183,Statik
1184,Fallout: New Vegas
1185,Valkyria Chronicles Remastered
1186,Peggle: Dual Shot
1187,Disgaea: Hour of Darkness
1188,Kingdom Hearts HD I.5 + II.5 Remix
1189,Tiger Woods PGA Tour 11
1190,The Movies
1191,Virtua Tennis: World Tour
1192,Rare Replay
1193,Neverwinter Nights: Hordes of the Underdark
1194,FIFA Soccer 2004
1195,Command & Conquer: Generals
1196,Sid Meier's SimGolf
1197,Quake III Revolution
1198,Street Fighter III: Double Impact
1199,SpaceChem
1200,Viva Pinata
1201,Freedom Planet
1202,Pokemon Ultra Sun
1203,Fatal Frame II: Crimson Butterfly Director's Cut
1204,South Park: The Fractured But Whole
1205,Blast Off
1206,Star Wars: Starfighter
1207,TimeSplitters: Future Perfect
1208,PlanetSide 2
1209,Planet Coaster
1210,Shovel Knight: Specter of Torment
1211,Street Fighter X Tekken
1212,Guilty Gear Xrd -SIGN-
1213,'Splosion Man
1214,TxK
1215,Pro Evolution Soccer 2009
1216,Beyond Good & Evil HD
1217,Midnight Club 3: DUB Edition
1218,High Heat Major League Baseball 2003
1219,Super Street Fighter II: Turbo Revival
1220,Rakuen
1221,BioShock: The Collection
1222,GT Legends
1223,F1 2010
1224,Maximo: Ghosts to Glory
1225,BlazBlue: Central Fiction
1226,Prey
1227,Sound Shapes
1228,Hearthstone: Goblins Vs. Gnomes
1229,MotorStorm
1230,God of War: Origins Collection
1231,Salt and Sanctuary
1232,Xenogears
1233,Space Rangers 2: Rise of the Dominators
1234,Tetris DS
1235,Shin Megami Tensei: Devil Survivor
1236,Tales From The Borderlands: Episode 1 - Zer0 Sum
1237,Top Spin 4
1238,Sprint Vector
1239,Monster Hunter Tri
1240,Toki Tori 2 +
1241,Steins;Gate 0
1242,Deus Ex: Invisible War
1243,Return to Castle Wolfenstein: Tides of War
1244,Heroes of Might and Magic IV
1245,Knockout Kings 2001
1246,Command & Conquer: Red Alert 2
1247,Shogun: Total War
1248,Outland
1249,Rayman Legends: Definitive Edition
1250,Shin Megami Tensei: Devil Survivor 2 Record Breaker
1251,Mass Effect 3: Citadel
1252,Halo 5: Guardians
1253,DiRT
1254,Super Street Fighter IV: Arcade Edition
1255,NBA 2K7
1256,TOCA Race Driver 3
1257,NBA 2K6
1258,Football Manager 2012
1259,ZEN Pinball 2: South Park: Super-Sweet Pinball
1260,Trine 2: Director's Cut
1261,Devil May Cry 4
1262,The Incredible Hulk: Ultimate Destruction
1263,Guild Wars Factions
1264,Gorogoa
1265,No More Heroes 2: Desperate Struggle
1266,Battle Chasers: Nightwar
1267,80 Days (2015)
1268,Spore
1269,Unity of Command
1270,Colin McRae Rally 04
1271,Skies of Arcadia Legends
1272,MotoGP
1273,Fear Effect 2: Retro Helix
1274,Sega GT
1275,Hearthstone: The Grand Tournament
1276,Metro Redux
1277,"Time Gentlemen, Please!"
1278,Total War: WARHAMMER II - Rise of the Tomb Kings
1279,Grim Fandango Remastered
1280,Deus Ex: Mankind Divided
1281,Need for Speed: Most Wanted - A Criterion Game
1282,Frozen Synapse Prime
1283,Resident Evil 4 HD
1284,Killzone 3
1285,F1 2012
1286,Stacking
1287,Battlefield 1943
1288,F1 2011
1289,Devil May Cry 3: Dante's Awakening
1290,Professor Layton and the Diabolical Box
1291,Dishonored: Death of the Outsider
1292,The Banner Saga 2
1293,Europa Universalis IV: Wealth of Nations
1294,BioShock Infinite: Burial at Sea - Episode Two
1295,NBA 2K9
1296,Red Faction II
1297,Disciples II: Dark Prophecy
1298,Silent Hill 2: Restless Dreams
1299,Just Cause 2
1300,Polybius
1301,Crysis Warhead
1302,Uncharted: The Lost Legacy
1303,Tom Clancy's Rainbow Six 3: Black Arrow
1304,F1 2018
1305,Hyper Light Drifter
1306,Worms 2: Armageddon
1307,Skate 2
1308,Detention
1309,Hitman - Episode 2: Sapienza
1310,ZEN Pinball 2: Aliens Vs. Pinball
1311,Child of Light
1312,Bit.Trip Complete
1313,Classic NES Series: Super Mario Bros.
1314,Age of Mythology: The Titans
1315,SimCity 4
1316,Sega Soccer Slam
1317,Splashdown
1318,Spider-Man: Mysterio's Menace
1319,Super Mario Advance
1320,Microsoft Train Simulator
1321,San Francisco Rush 2049
1322,WipeOut 64
1323,Dead or Alive
1324,Split/Second
1325,Lone Survivor: The Director's Cut
1326,"Snipperclips Plus: Cut It Out, Together!"
1327,The Walking Dead: Episode 1 - A New Day
1328,Hatsune Miku: Project Diva Future Tone - Colorful Tone
1329,Hatsune Miku: Project Diva Future Tone - Future Sound
1330,Dark Void Zero
1331,Etrian Odyssey IV: Legends of the Titan
1332,Frostpunk
1333,Rise of Nations: Rise of Legends
1334,Bulletstorm
1335,Tony Hawk's American Sk8land
1336,FRU
1337,FTL: Faster Than Light
1338,Madden NFL 07
1339,Dragon Quest V: Hand of the Heavenly Bride
1340,Xenoblade Chronicles X
1341,Ace Combat 5: The Unsung War
1342,X-Men Legends II: Rise of Apocalypse
1343,Resogun
1344,SOMA
1345,DEFCON: Everybody Dies
1346,Pinball FX 2: Marvel Pinball - Vengeance and Virtue
1347,James Bond 007: Everything or Nothing
1348,Puyo Pop
1349,Rayman Advance
1350,Need for Speed: Shift
1351,Gran Turismo 5
1352,Tron 2.0
1353,Pokemon Ultra Moon
1354,Moonlighter
1355,Borderlands
1356,Nioh: Complete Edition
1357,Half-Minute Hero
1358,ICEY
1359,Madden NFL 11
1360,Mutant Mudds Deluxe
1361,Psi-Ops: The Mindgate Conspiracy
1362,The Lord of the Rings: The Battle for Middle-Earth II
1363,Def Jam: Fight for NY
1364,Classic NES Series: The Legend of Zelda
1365,Battlefield Vietnam
1366,Medieval: Total War - Viking Invasion
1367,Dance Dance Revolution Konamix
1368,Street Fighter III: 3rd Strike
1369,Tom Clancy's Ghost Recon 2 Summit Strike
1370,Guild Wars Nightfall
1371,Lara Croft GO
1372,Disgaea 2: Cursed Memories
1373,Madden NFL 16
1374,Minecraft: PlayStation Vita Edition
1375,The Binding of Isaac
1376,Enemy Territory: Quake Wars
1377,Warhawk
1378,Valkyrie Profile 2: Silmeria
1379,New Super Mario Bros. U
1380,Ultra Street Fighter IV
1381,UFC Undisputed 2009
1382,PixelJunk Monsters: Ultimate HD
1383,Rift
1384,Swords & Soldiers
1385,Child of Eden
1386,Shift 2: Unleashed
1387,The End Is Nigh
1388,Sid Meier's Civilization IV: Warlords
1389,Hitman
1390,SpeedRunners
1391,Full Spectrum Warrior
1392,Battlefield 1942: The Road to Rome
1393,NCAA College Basketball 2K3
1394,Tom Clancy's Ghost Recon
1395,Poseidon
1396,Star Wars: Episode I Battle for Naboo
1397,Tom Clancy's Splinter Cell: Blacklist
1398,FIFA 16
1399,FIFA 18
1400,Vanquish
1401,Tiger Woods PGA Tour 09
1402,Shin Megami Tensei IV: Apocalypse
1403,Star Wars: Battlefront II
1404,Darwinia
1405,WWE SmackDown! vs. Raw 2006
1406,Yoku's Island Express
1407,Ultimate General: Gettysburg
1408,Trine 2: Complete Story
1409,NHL 13
1410,Jak 3
1411,Onimusha 2: Samurai's Destiny
1412,Spy Hunter
1413,Resident Evil Code: Veronica X
1414,ChuChu Rocket!
1415,Ecco the Dolphin: Defender of the Future
1416,Prince of Persia: Warrior Within
1417,Just Shapes & Beats
1418,Assassin's Creed Origins: The Curse of the Pharaohs
1419,Borderlands 2: Mr. Torgue's Campaign of Carnage
1420,Final Fantasy XV
1421,Overcooked! 2
1422,Final Fantasy XI: Treasures of Aht Urhgan
1423,Lumines Remastered
1424,Pro Evolution Soccer 2018
1425,Grim Dawn
1426,Super Puzzle Fighter II Turbo
1427,BlazBlue: Chrono Phantasma
1428,Dungeons & Dragons: Chronicles of Mystara
1429,Marvel Pinball
1430,Resident Evil 0
1431,Virtua Tennis
1432,Sega Sports Tennis
1433,MDK2
1434,Kid Icarus: Uprising
1435,Gunpoint
1436,Sly 3: Honor Among Thieves
1437,Hakuoki: Kyoto Winds
1438,NHL 2K6
1439,LocoRoco
1440,MLB 06: The Show
1441,Anno 2070
1442,SMITE
1443,Donkey Kong Country Returns 3D
1444,Unreal Championship
1445,N+
1446,Guild Wars 2: Path of Fire
1447,Fallout 3: Point Lookout
1448,No More Heroes
1449,Shin Megami Tensei IV
1450,Silent Storm
1451,Command & Conquer: Generals - Zero Hour
1452,Homeworld 2
1453,Wakeboarding Unleashed Featuring Shaun Murray
1454,Galactic Civilizations
1455,Rygar: The Legendary Adventure
1456,EverQuest: The Shadows of Luclin
1457,The Typing of the Dead
1458,Halo 3: ODST
1459,Ghost Trick: Phantom Detective
1460,PixelJunk Monsters
1461,MLB Power Pros
1462,Forgotton Anne
1463,Orcs Must Die!
1464,Persona Q: Shadow of the Labyrinth
1465,Comet Crash
1466,Fable: The Lost Chapters
1467,Mega Man 9
1468,Prey: Mooncrash
1469,Racing Gears Advance
1470,Dead or Alive Ultimate
1471,Bleed 2
1472,Call of Duty: Black Ops II
1473,Bushido Blade
1474,NBA 2K10
1475,Resident Evil HD Remaster
1476,Devil Daggers
1477,Puyo Puyo Tetris
1478,Dark Souls II: Crown of the Old Iron King
1479,NBA Ballers
1480,Genma Onimusha
1481,Space Station Silicon Valley
1482,The Elder Scrolls Online: Summerset
1483,The Blackwell Epiphany
1484,This page isnâ€™t working
1485,Tomb Raider: Anniversary
1486,Need for Speed: Most Wanted
1487,Bangai-O Spirits
1488,The Forest
1489,Tekken Tag Tournament 2: Wii U Edition
1490,Call of Duty: Modern Warfare Remastered
1491,Hearts of Iron II
1492,Pinball Hall of Fame: The Williams Collection
1493,Final Fantasy XIII
1494,NCAA Football 10
1495,ZEN Pinball 2: Portal Pinball
1496,Star Wars Pinball
1497,Project CARS
1498,Crush
1499,Yakuza 6: The Song of Life
1500,Guardian Heroes
1501,Freedom Fighters
1502,High Heat Major League Baseball 2004
1503,Icewind Dale II
1504,Age of Empires
1505,EverQuest II: Echoes of Faydwer
1506,Pocket Card Jockey
1507,Dragon Quest Builders
1508,Transistor
1509,Bleach: The Blade of Fate
1510,Lumines: Electronic Symphony
1511,Splatoon 2
1512,Everyday Shooter
1513,Crackdown
1514,EverQuest II
1515,Call of Duty 3
1516,Magic: Duels of the Planeswalkers 2014
1517,Card Hunter (2013)
1518,Madden NFL 17
1519,This War of Mine
1520,Picross DS
1521,Spider-Man 2
1522,SteamWorld Dig
1523,Oddworld: Stranger's Wrath HD
1524,Madden NFL 13
1525,Fallout: New Vegas - Old World Blues
1526,Darksiders
1527,Clubhouse Games
1528,Super Puzzle Fighter II
1529,Tom Clancy's Rainbow Six 3: Raven Shield
1530,Xenosaga Episode I: Der Wille zur Macht
1531,World of Outlaws: Sprint Cars
1532,Combat Flight Simulator 2: WWII Pacific Theater
1533,Resistance 3
1534,Orcs Must Die! 2
1535,BYE-BYE BOXBOY!
1536,Ratchet & Clank Collection
1537,Picross 3D
1538,Gunstar Super Heroes
1539,Stretchmo
1540,The Misadventures of P.B. Winterbottom
1541,Mega Man X Legacy Collection
1542,Mighty Flip Champs!
1543,Persona 2: Eternal Punishment
1544,Prey (2006)
1545,LEGO Marvel Super Heroes
1546,Metal Gear Rising: Revengeance
1547,Tales of Monkey Island Chapter 5: Rise of the Pirate God
1548,Crisis Core: Final Fantasy VII
1549,Starseed Pilgrim
1550,Age of Conan: Rise of the Godslayer
1551,Trine
1552,Alan Wake
1553,Karaoke Revolution
1554,NBA Live 2003
1555,Tiger Woods PGA Tour 2002
1556,Monaco: What's Yours Is Mine
1557,Castle Crashers Remastered
1558,Pac-Man Championship Edition
1559,Mutant Mudds: Super Challenge
1560,Rogue Galaxy
1561,inFamous 2
1562,Nintendogs: Chihuahua & Friends
1563,Tekken Tag Tournament 2
1564,Yakuza 5
1565,FIFA Soccer 08
1566,Zero Escape: Zero Time Dilemma
1567,Call of Duty: Advanced Warfare
1568,WarioWare: Smooth Moves
1569,Tiger Woods PGA Tour 06
1570,The Sexy Brutale
1571,MLB 14: The Show
1572,Helldivers
1573,Worldwide Soccer Manager 2009
1574,Torchlight
1575,Valdis Story: Abyssal City
1576,Art Style: PiCTOBiTS
1577,Sonic Advance 2
1578,Rayman 3
1579,Steel Battalion
1580,XGIII: Extreme G Racing
1581,FIFA 2001
1582,Crimson Skies
1583,Octopath Traveler
1584,Professor Layton and the Last Specter
1585,NBA 2K15
1586,Danganronpa 1-2 Reload
1587,Nintendogs: Lab & Friends
1588,Xenoblade Chronicles 2
1589,Need for Speed Most Wanted
1590,RACE 07: Official WTCC Game
1591,2010 FIFA World Cup South Africa
1592,Gravity Rush
1593,Pokemon Omega Ruby
1594,Horizon Zero Dawn: The Frozen Wilds
1595,Ninja Gaiden: Dragon Sword
1596,Rhythm Heaven Fever
1597,Ms. 'Splosion Man
1598,SUPERHOT
1599,CastleStorm
1600,EverQuest II: Rise of Kunark
1601,Ninja Gaiden Sigma 2
1602,Dragon Quest Heroes: Rocket Slime
1603,Sleeping Dogs
1604,Contra 4
1605,Street Fighter: 30th Anniversary Collection
1606,Rhythm Heaven
1607,Path of Exile: The Fall of Oriath
1608,The Legend of Heroes: Trails in the Sky the 3rd
1609,Dark Age of Camelot: Catacombs
1610,ABZU
1611,Nintendogs: Dalmatian & Friends
1612,Little Nightmares
1613,Spore Creature Creator
1614,Final Fantasy V Advance
1615,Colin McRae Rally 2005
1616,All-Star Baseball 2003
1617,F1 2001
1618,Looney Tunes: Space Race
1619,Luftrausers
1620,And Yet It Moves
1621,Tribes: Vengeance
1622,Hitman: Absolution
1623,Super Puzzle Fighter II Turbo HD Remix
1624,Hitman: Blood Money
1625,Kirby Mass Attack
1626,Tales From The Borderlands: Episode 3 - Catch A Ride
1627,L.A. Noire: The Complete Edition
1628,Brutal Legend
1629,Dragon Quest Wars
1630,VVVVVV
1631,GTR Evolution
1632,Marvel: Ultimate Alliance
1633,Life is Strange: Episode 5 - Polarized
1634,Bully: Scholarship Edition
1635,BROFORCE
1636,Disgaea 2: Dark Hero Days
1637,Splasher
1638,NCAA Football 09
1639,Wipeout Fusion
1640,Independence War 2: Edge of Chaos
1641,Myst III: Exile
1642,Final Fantasy Tactics
1643,Ace Combat 2
1644,Superbrothers: Sword & Sworcery EP
1645,Sid Meier's Civilization IV: Colonization
1646,Pro Evolution Soccer 2008
1647,Steel Division: Normandy 44
1648,Hearts of Iron IV
1649,Nintendogs: Dachshund & Friends
1650,Dark Souls II: Crown of the Sunken King
1651,Europa Universalis III
1652,Rhythm Heaven Megamix
1653,Duskers
1654,Severed
1655,Door Kickers
1656,Counter-Strike: Global Offensive
1657,OlliOlli2: XL Edition
1658,Frequency
1659,Flipping Death
1660,MLB 07: The Show
1661,Strong Bad's Cool Game for Attractive People Episode 5: 8-Bit Is Enough
1662,Worms W.M.D
1663,Theatrhythm Final Fantasy: Curtain Call
1664,Boktai: The Sun Is in Your Hand
1665,Harvest Moon: Magical Melody
1666,Pokemon Platinum Version
1667,Valkyria Chronicles II
1668,Batman: The Telltale Series - Episode 2: Children of Arkham
1669,ZEN Pinball 2: The Walking Dead
1670,BlazBlue: Continuum Shift Extend
1671,Odin Sphere
1672,Tony Hawk's Underground 2 Remix
1673,Maximo vs Army of Zin
1674,Metal Arms: Glitch in the System
1675,ESPN College Hoops
1676,MechWarrior 4: Mercenaries
1677,Breath of Fire IV
1678,Mario Kart 64
1679,"Invisible, Inc."
1680,WarioWare D.I.Y.
1681,Wipeout Pulse
1682,Defense Grid: The Awakening
1683,Sega Genesis Collection
1684,Gears of War: Ultimate Edition
1685,Tomb Raider: Legend
1686,Tom Clancy's Rainbow Six Vegas 2
1687,The Book of Unwritten Tales
1688,Ys: Memories of Celceta
1689,Laser League
1690,Super Hydorah
1691,BioShock 2: Minerva's Den
1692,KORG DS-10 Synthesizer
1693,Super Robot Taisen: Original Generation 2
1694,Watch Dogs 2
1695,Hand of Fate 2
1696,Dance Central
1697,Capitalism II
1698,Rally Trophy
1699,GT Advance Championship Racing
1700,Ridge Racer 64
1701,Pokemon Alpha Sapphire
1702,Stealth Inc 2: A Game of Clones
1703,Dark Souls III: The Ringed City
1704,Dawn of Discovery
1705,Pinball FX3
1706,Hot Shots Golf: Open Tee 2
1707,SingStar
1708,L.A. Noire: The VR Case Files
1709,City of Villains
1710,Cave Story 3D
1711,The Wolf Among Us: Episode 2 - Smoke and Mirrors
1712,Kentucky Route Zero - Act II
1713,Minecraft: Xbox 360 Edition
1714,Dead Space: Extraction
1715,Football Manager 2018
1716,Resident Evil: Revelations
1717,You Don't Know Jack
1718,Fortnite
1719,Pokemon Ruby Version
1720,MVP Baseball 2003
1721,NHL Hitz 20-03
1722,Gitaroo Man
1723,Theme Park Roller Coaster
1724,Dave Mirra Freestyle BMX
1725,Karaoke Revolution Volume 3
1726,Professor Layton and the Miracle Mask
1727,The Pinball Arcade
1728,Monster Hunter 3 Ultimate
1729,Borderlands: The Handsome Collection
1730,Forza Horizon 2: Storm Island
1731,Super Stardust Delta
1732,Act of War: Direct Action
1733,Madden NFL 18
1734,RiME
1735,Tekken 7
1736,Runbow
1737,Sokobond
1738,Quell Memento
1739,MotoHeroz
1740,Mario vs. Donkey Kong: Minis March Again!
1741,Zone of the Enders: The 2nd Runner
1742,Viva Pinata: Trouble in Paradise
1743,Sam & Max Episode 105: Reality 2.0
1744,Bejeweled 3
1745,Dangerous Waters
1746,LEGO The Lord of the Rings
1747,Iron Brigade
1748,Peter Jackson's King Kong: The Official Game of the Movie
1749,Asheron's Call 2: Fallen Kings
1750,Super Monkey Ball Jr.
1751,WWE SmackDown! Shut Your Mouth
1752,Gemini Rue
1753,Sonic CD
1754,Pro Evolution Soccer 2015
1755,Dyad
1756,Antichamber
1757,Sonic & All-Stars Racing Transformed
1758,Neverwinter Nights 2
1759,Mega Man Powered Up
1760,Darkstalkers Resurrection
1761,Dragon Age: Origins - Awakening
1762,Danganronpa: Trigger Happy Havoc
1763,Hearthstone: Blackrock Mountain
1764,Rome: Total War Barbarian Invasion
1765,Gradius V
1766,NCAA Football 12
1767,The Darkness
1768,I Expect You To Die
1769,Etrian Odyssey 2 Untold: The Fafnir Knight
1770,Disgaea DS
1771,Lunar Knights
1772,Hacknet
1773,The Walking Dead: Season Two Episode 3 - In Harm's Way
1774,Test Drive Unlimited
1775,Tales of Monkey Island Chapter 3: Lair of the Leviathan
1776,The Walking Dead: A Telltale Games Series - The Complete First Season
1777,Blur
1778,FIFA 15
1779,Neverwinter Nights 2: Mask of The Betrayer
1780,Sins of a Solar Empire: Rebellion
1781,Broken Sword: The Sleeping Dragon
1782,Age of Wonders: Shadow Magic
1783,ATV Offroad Fury 2
1784,Mega Man Zero
1785,SOCOM: U.S. Navy SEALs
1786,Tom Clancy's Ghost Recon: Desert Siege
1787,Warlords Battlecry II
1788,Ring of Red
1789,Football Manager Live
1790,The Walking Dead: Season Two Episode 2 - A House Divided
1791,The Talos Principle: Road To Gehenna
1792,Stellaris - Utopia
1793,Aquaria
1794,Need for Speed: Underground
1795,TrackMania Sunrise
1796,King's Quest Chapter 1: A Knight to Remember
1797,Ape Escape 2
1798,Viva Pinata: Pocket Paradise
1799,Skullgirls
1800,PixelJunk Shooter 2
1801,The Elder Scrolls V: Skyrim - Dragonborn
1802,Galak-Z: The Dimensional
1803,Sportsfriends
1804,Dragon Age II
1805,10 Second Ninja X
1806,Endless Legend
1807,Virtua Fighter 5: Final Showdown
1808,Skylanders: Spyro's Adventure
1809,Trauma Team
1810,Henry Hatsworth in the Puzzling Adventure
1811,SOCOM 3: U.S. Navy SEALs
1812,Dance Dance Revolution Ultramix
1813,Gladius
1814,Tom Clancy's Ghost Recon: Island Thunder
1815,FIFA Soccer 2002
1816,Extreme-G
1817,S.T.A.L.K.E.R.: Shadow of Chernobyl
1818,Far Cry 5
1819,Mario + Rabbids: Kingdom Battle - Donkey Kong Adventure
1820,Okamiden
1821,Space Invaders Extreme 2
1822,The Evil Within 2
1823,Condemned 2: Bloodshot
1824,Kero Blaster
1825,Skullgirls: 2nd Encore
1826,"Invisible, Inc. Console Edition"
1827,Monday Night Combat
1828,The Elder Scrolls V: Skyrim Special Edition
1829,VIDEOBALL
1830,Gunman Clive
1831,The Wolf Among Us: Episode 3 - A Crooked Mile
1832,The Chronicles of Riddick: Assault on Dark Athena
1833,Slime-san
1834,Pro Evolution Soccer 2013
1835,X-Men Legends
1836,XCOM: Enemy Unknown Plus
1837,The Lord of the Rings: The Two Towers
1838,Sega GT 2002
1839,Airborne Assault: Red Devils Over Arnhem
1840,Tekken Advance
1841,Crazy Taxi 2
1842,Fallout Tactics: Brotherhood of Steel
1843,Ogre Battle 64
1844,Sonic Rush
1845,Need for Speed: Underground 2
1846,The Lion's Song
1847,Art of Balance Touch!
1848,NHL Eastside Hockey Manager 2005
1849,Legend of Grimrock
1850,College Hoops 2K6
1851,Dominions 3: The Awakening
1852,NyxQuest: Kindred Spirits
1853,Prince of Persia Classic
1854,Star Fox Adventures
1855,Fallout 3: Broken Steel
1856,GRID 2
1857,Tekken 6
1858,Strong Bad's Cool Game for Attractive People Episode 2: Strong Badia the Free
1859,Mario Kart Wii
1860,College Hoops 2K8
1861,Desktop Dungeons
1862,Dragon's Crown
1863,Crusader Kings II
1864,Art Academy: Home Studio
1865,Europa 1400: The Guild
1866,V-Rally 3
1867,Battle Realms
1868,Warlords Battlecry
1869,Shin Megami Tensei: Digital Devil Saga 2
1870,Sam & Max Episode 201: Ice Station Santa
1871,Halo: Combat Evolved Anniversary
1872,Major League Baseball 2K5
1873,SOCOM: U.S. Navy SEALs Fireteam Bravo
1874,Semblance
1875,Art Style: ORBIENT
1876,Kingdom Hearts: Birth by Sleep
1877,The Last Guardian
1878,Technobabylon
1879,Madden NFL 09 All-Play
1880,Shin Megami Tensei: Nocturne
1881,World of Warcraft: Mists of Pandaria
1882,Recettear: An Item Shop's Tale
1883,Harvest Moon: More Friends of Mineral Town
1884,Need for Speed Underground 2
1885,ETHER One
1886,BlazBlue: Calamity Trigger Portable
1887,Midnight Club: Los Angeles
1888,The Vanishing of Ethan Carter
1889,Flight Simulator X: Acceleration
1890,Far Cry 3: Blood Dragon
1891,Splatoon 2: Octo Expansion
1892,Borderlands: The Zombie Island of Dr. Ned
1893,Etrian Odyssey II: Heroes of Lagaard
1894,Blood
1895,Duelyst
1896,Warhammer: Vermintide 2
1897,Command & Conquer: Red Alert 3
1898,NCAA March Madness 2004
1899,Links 2003
1900,Earth & Beyond
1901,Syberia
1902,Virtual Pool 3
1903,The Sims: Livin' Large
1904,Sonic the Hedgehog 2
1905,MLB The Show 18
1906,DCS: Black Shark
1907,Pro Evolution Soccer 2010
1908,ModNation Racers
1909,Soul Sacrifice Delta
1910,King's Bounty: Armored Princess
1911,Captain Toad: Treasure Tracker
1912,Toki Tori
1913,Azure Striker Gunvolt: Striker Pack
1914,Rock Band Rivals
1915,Age of Wonders III - Golden Realms
1916,Enslaved: Odyssey to the West
1917,Halo Wars
1918,PixelJunk Monsters Encore
1919,Joint Operations: Typhoon Rising
1920,MotorStorm: Pacific Rift
1921,Xpand Rally
1922,The Walking Dead: Episode 4 - Around Every Corner
1923,Shantae: Half-Genie Hero
1924,Disgaea 4: A Promise Revisited
1925,Celtic Kings: Rage of War
1926,ATV Offroad Fury
1927,B-17 Flying Fortress: The Mighty 8th
1928,EverQuest: The Scars of Velious
1929,Suikoden II
1930,Final Fight One
1931,Metro: Last Light
1932,Rising Storm
1933,Lethal League
1934,Ninja Five-O
1935,Botanicula
1936,OutRun 2006: Coast 2 Coast
1937,"Nine Hours, Nine Persons, Nine Doors"
1938,Darkest Dungeon: The Crimson Court
1939,She Remembered Caterpillars
1940,College Hoops 2K7
1941,Joe Danger 2: The Movie
1942,Catherine
1943,PixelJunk Shooter Ultimate
1944,Bookworm Adventures Deluxe
1945,de Blob
1946,The Lord of the Rings: The Battle for Middle-Earth
1947,Bleach: Dark Souls
1948,Burnout Paradise Remastered
1949,RIVE: Ultimate Edition
1950,Bulletstorm: Full Clip Edition
1951,Saints Row 2
1952,Star Wars: Battlefront
1953,WildStar
1954,Broken Age: Act 1
1955,Divinity II: The Dragon Knight Saga
1956,Starship Defense
1957,Out of the Park Baseball 9
1958,Tekken 5: Dark Resurrection
1959,The Simpsons: Hit & Run
1960,DDRMAX2 Dance Dance Revolution
1961,America's Army
1962,Star Trek Bridge Commander
1963,Seaman
1964,The Last Express
1965,Resistance: Retribution
1966,Hustle Kings
1967,Hot Shots Golf: Out of Bounds
1968,Siesta Fiesta
1969,Quake 4
1970,Closure
1971,Kingdom Hearts HD 2.5 ReMIX
1972,Mega Man 10
1973,Starbound
1974,KORG DS-10 PLUS
1975,Condemned: Criminal Origins
1976,Tony Hawk's Project 8
1977,Injustice: Gods Among Us
1978,Nidhogg
1979,NBA 2K8
1980,Torment: Tides of Numenera
1981,Kalimba
1982,Tiger Woods PGA Tour 07
1983,Metrico+
1984,NHL 14
1985,To the Moon
1986,Madden NFL 15
1987,Slime-san: Superslime Edition
1988,Quadrilateral Cowboy
1989,Kingdoms of Amalur: Reckoning - The Legend of Dead Kel
1990,The Sims 3: World Adventures
1991,Painkiller
1992,Disgaea 5 Complete
1993,WarioWare: Touched!
1994,Plants vs Zombies: Garden Warfare 2
1995,Danganronpa V3: Killing Harmony
1996,Bomberman Ultra
1997,Growlanser Generations
1998,Airborne Assault: Highway to the Reich
1999,Nancy Drew: Danger on Deception Island
2000,NASCAR Heat 2002
2001,Shadowrun: Hong Kong
2002,Fieldrunners
2003,Kirby: Planet Robobot
2004,War Thunder
2005,Race Driver 2006
2006,Renegade Ops
2007,Where is My Heart?
2008,Saints Row
2009,Hitman - Episode 6: Hokkaido
2010,Art Academy: Lessons for Everyone
2011,Lumines II
2012,Splatoon
2013,Supreme Commander: Forged Alliance
2014,Drill Dozer
2015,Super One More Jump
2016,Oxenfree
2017,Sunless Sea
2018,Duke Nukem Advance
2019,Marvel Heroes 2015
2020,Football Manager 2016
2021,Tearaway Unfolded
2022,Trackmania Turbo
2023,Ratchet: Deadlocked
2024,Phantom Brave
2025,Monster Hunter Freedom Unite
2026,The Sims 4: Seasons
2027,Teslagrad
2028,Call of Duty: Black Ops III
2029,Z.H.P. Unlosing Ranger vs Darkdeath Evilman
2030,Resident Evil 5: Lost in Nightmares
2031,Mario & Luigi: Superstar Saga + Bowser's Minions
2032,Wolfenstein: The New Order
2033,Super Mega Baseball 2
2034,Mega Man Anniversary Collection
2035,The Sims Bustin' Out
2036,Mortal Kombat: Deadly Alliance
2037,Star Wars: Jedi Starfighter
2038,TimeSplitters
2039,Downwell
2040,From Dust
2041,Phoenix Wright: Ace Attorney - Dual Destinies
2042,Lone Survivor
2043,NCAA Football 08
2044,Deus Ex: Mankind Divided - A Criminal Past
2045,Capcom Classics Collection
2046,Rising Storm 2: Vietnam
2047,Alien: Isolation
2048,Phantom Dust
2049,The Witcher
2050,Phoenix Wright: Ace Attorney Trilogy
2051,Kentucky Route Zero - Act I
2052,Strong Bad's Cool Game for Attractive People Episode 4: Dangeresque 3: The Criminal Projective
2053,Dishonored: The Brigmore Witches
2054,Life is Strange: Episode 3 - Chaos Theory
2055,Virtua Fighter 5 Final Showdown
2056,Life is Strange: Before the Storm - Episode 3: Hell is Empty
2057,Mega Man Zero 2
2058,FAST Racing NEO
2059,Gunslugs
2060,Jade Empire: Special Edition
2061,Sensible World of Soccer
2062,Mighty Milky Way
2063,NFL Street
2064,Time Crisis 3
2065,Pro Race Driver
2066,Time Crisis II
2067,SWAT 3: Elite Edition
2068,Asheron's Call
2069,Brave Fencer Musashi
2070,Trauma Center: Under the Knife
2071,"Sakura Wars: So Long, My Love"
2072,Mario Golf: Toadstool Tour
2073,Cities: Skylines - PlayStation 4 Edition
2074,Unravel
2075,page not found
2076,Chessmaster 10th Edition
2077,VOEZ
2078,Fire Emblem: Shadow Dragon
2079,Age of Empires III
2080,Castlevania: Lords of Shadow Ultimate Edition
2081,Toy Soldiers: Cold War
2082,Bloodstained: Curse of the Moon
2083,The Elder Scrolls V: Skyrim VR
2084,The Cat Lady
2085,Assassin's Creed
2086,Guitar Hero Live
2087,ilomilo
2088,Vessel
2089,Metro 2033
2090,Fire Emblem Echoes: Shadows of Valentia
2091,Phoenix Wright: Ace Attorney
2092,Mario & Luigi: Dream Team
2093,Uno
2094,echochrome
2095,LEGO Batman 2: DC Super Heroes
2096,Empires: Dawn of the Modern World
2097,Chessmaster 9000
2098,Gothic
2099,Arcanum: Of Steamworks and Magick Obscura
2100,NASCAR Heat
2101,Professor Layton and the Azran Legacy
2102,Company of Heroes 2: Ardennes Assault
2103,PlanetSide
2104,Madden NFL 19
2105,Finding Paradise
2106,Kingdoms of Amalur: Reckoning
2107,Broken Age
2108,Life is Strange: Episode 4 - Dark Room
2109,Sam & Max: The Devil's Playhouse - Episode 1: The Penal Zone
2110,Sunset Overdrive
2111,Super Time Force
2112,Toy Soldiers
2113,The Walking Dead: The Telltale Series - A New Frontier Episode 1: Ties That Bind Part One
2114,DG2: Defense Grid 2
2115,CHUCHEL
2116,Mario Tennis: Power Tour
2117,Rage
2118,Napoleon: Total War
2119,Overlord
2120,Rockstar Games presents Table Tennis
2121,Jak and Daxter Collection
2122,Reigns: Her Majesty
2123,Children of Zodiarcs
2124,OneShot
2125,Zombie Night Terror
2126,Victoria II: Heart of Darkness
2127,Borderlands 2: Captain Scarlett and Her Pirate's Booty
2128,Waveform
2129,Bit.Trip Flux
2130,Personal Trainer: Cooking
2131,Tiger Woods PGA Tour 08
2132,NBA Street Homecourt
2133,The Elder Scrolls IV: Knights of the Nine
2134,Red Orchestra: Ostfront 41-45
2135,SSX On Tour
2136,Hot Shots Golf: Open Tee
2137,Kingdom Under Fire: The Crusaders
2138,Karnaaj Rally
2139,Stronghold
2140,Star Fox 64 3D
2141,Yoshi's Island DS
2142,SOCOM: U.S. Navy SEALs Fireteam Bravo 2
2143,Gran Turismo 6
2144,Kirby: Nightmare in Dream Land
2145,Rochard
2146,The Dishwasher: Vampire Smile
2147,Middle-earth: Shadow of War
2148,Unravel Two
2149,Patapon 2
2150,MadWorld
2151,RollerCoaster Tycoon 3
2152,Dragon's Dogma: Dark Arisen
2153,Guild Wars 2: Heart of Thorns
2154,AaaaaAAaaaAAAaaAAAAaAAAAA!!!: A Reckless Disregard for Gravity
2155,Pokemon Puzzle League
2156,The Sims 2 University
2157,Skulls of the Shogun
2158,SUPERBEAT: XONiC
2159,IL-2 Sturmovik: Birds of Prey
2160,FORM
2161,Bravely Second: End Layer
2162,Sid Meier's Civilization: Beyond Earth
2163,EA Sports Active
2164,Awesomenauts Assemble!
2165,Hatsune Miku: Project Diva f
2166,World of Warcraft: Battle for Azeroth
2167,escapeVektor: Chapter 1
2168,LostWinds
2169,The Bug Butcher
2170,Final Fantasy XII: Revenant Wings
2171,SoulCalibur V
2172,Pool Nation
2173,Super Scribblenauts
2174,Sonic the Hedgehog 4: Episode I
2175,Disney's Toontown Online
2176,Mortal Kombat: Deception
2177,Mario vs. Donkey Kong
2178,Combat Mission 3: Afrika Korps
2179,EverQuest: The Planes of Power
2180,Rails Across America
2181,007: The World is Not Enough
2182,Flanker 2.0
2183,Wasteland 2
2184,Muramasa: The Demon Blade
2185,Jamestown: Legend of the Lost Colony
2186,Poker Smash
2187,Tales From The Borderlands: Episode 2 - Atlas Mugged
2188,Kohan II: Kings of War
2189,Star Wars Pinball: The Force Awakens
2190,Metal Gear Online
2191,Xenosaga Episode III: Also sprach Zarathustra
2192,Phoenix Wright: Ace Attorney - Spirit of Justice
2193,The Age of Decadence
2194,Galactic Civilizations III
2195,Stories Untold
2196,Pinball Fantasies
2197,Catan
2198,Tiger Woods PGA Tour 09 All-Play
2199,Slime Rancher
2200,Nelly Cootalot: The Fowl Fleet
2201,Order of Battle: Pacific
2202,Mass Effect 2: Overlord
2203,MX Unleashed
2204,Fatal Frame II: Crimson Butterfly
2205,Secret Weapons Over Normandy
2206,NHL Hitz Pro
2207,Pokemon Pinball: Ruby & Sapphire
2208,Freekstyle
2209,Bomberman Generation
2210,Empire Earth
2211,Ooga Booga
2212,Star Trek: Deep Space Nine: The Fallen
2213,Railroad Tycoon II: Gold Edition
2214,Parasite Eve
2215,Minit
2216,Valiant Hearts: The Great War
2217,Fast RMX
2218,Maldita Castilla EX: Cursed Castilla
2219,Sam & Max Episode 101: Culture Shock
2220,Overcooked!
2221,Prince of Persia Classic Trilogy HD
2222,Mirror's Edge
2223,Danganronpa 2: Goodbye Despair
2224,Worms: Open Warfare 2
2225,TrackMania 2 Canyon
2226,Motorsport Manager
2227,WWE SmackDown vs. Raw 2010
2228,Capcom vs. SNK 2: Mark of the Millennium 2001
2229,Onimusha: Dawn of Dreams
2230,Pokemon FireRed Version
2231,Perfect Dark Zero
2232,FIFA Soccer 2005
2233,Star Wars Jedi Knight: Jedi Academy
2234,Cities: Skylines - Xbox One Edition
2235,WWE SmackDown vs. Raw 2007
2236,Sine Mora EX
2237,Mortal Kombat Komplete Edition
2238,Deus Ex: The Conspiracy
2239,Ninja Gaiden II
2240,Valkyrie Profile
2241,Aragami: Shadow Edition
2242,Ys Origin
2243,The Darkside Detective
2244,Shadowrun: Dragonfall
2245,MechAssault 2: Lone Wolf
2246,Eets
2247,NBA Live 10
2248,Phoenix Wright: Ace Attorney - Trials and Tribulations
2249,Pokemon LeafGreen Version
2250,Wreckfest
2251,The Red Strings Club
2252,World of Warships
2253,Hatsune Miku: Project Diva F 2nd
2254,TOCA Race Driver 2: The Ultimate Racing Simulator
2255,Harvest Moon: Friends of Mineral Town
2256,Wargame: European Escalation
2257,Rage of the Gladiator
2258,Redout
2259,Sniper Elite 4
2260,Kinect Party
2261,Dungeon Defenders
2262,Atlas Reactor
2263,Antihero
2264,Halo Wars: Definitive Edition
2265,The Legend of Zelda: Breath of the Wild - The Champions' Ballad
2266,A Space Shooter for 2 Bucks!
2267,God of War III Remastered
2268,Super Monkey Ball Deluxe
2269,The 2D Adventures of Rotating Octopus Character
2270,Sam & Max: The Devil's Playhouse - Episode 5: The City That Dares Not Sleep
2271,Stick it to the Man!
2272,Puzzle Quest 2
2273,Age of Empires III: The Asian Dynasties
2274,MLB 2006
2275,Battle Chef Brigade
2276,"Codename: Panzers, Phase One"
2277,Affordable Space Adventures
2278,Dragon Quest VII: Fragments of the Forgotten Past
2279,Darksiders: Warmastered Edition
2280,3D After Burner II
2281,Europa Universalis IV: Conquest of Paradise
2282,Ghost Master
2283,Def Jam Vendetta
2284,Divine Divinity
2285,Mega Man Battle Network 2
2286,Breath of Fire II
2287,The Book of Unwritten Tales 2
2288,Donkey Kong Jungle Beat
2289,Ultimate Marvel vs. Capcom 3
2290,Mario Power Tennis
2291,The Legend of Heroes: Trails of Cold Steel II
2292,Buzz! Quiz World
2293,Madden NFL 25
2294,Pac-Man 256
2295,Disgaea 5: Alliance of Vengeance
2296,Age of Conan: Hyborian Adventures
2297,Company of Heroes 2: The Western Front Armies
2298,Sid Meier's Civilization V: Gods & Kings
2299,Dragon Quest IV: Chapters of the Chosen
2300,The Elder Scrolls: Legends
2301,Watch Dogs
2302,Age of Empires III: The WarChiefs
2303,Ace Combat 6: Fires of Liberation
2304,LEGO Dimensions
2305,Endless Space 2
2306,Pokemon Black Version 2
2307,Tom Clancy's Ghost Recon 2
2308,Soul Reaver 2
2309,Rocket Riot
2310,Leap of Fate
2311,Metal Gear Solid V: Ground Zeroes
2312,Trials Fusion
2313,Syberia II
2314,Ecks vs. Sever
2315,Conquest: Frontier Wars
2316,"Gabriel Knight 3: Blood of the Sacred, Blood of the Damned"
2317,Jet Force Gemini
2318,Star Ocean: The Second Story
2319,Tyranny
2320,Gitaroo Man Lives!
2321,Football Manager 2017
2322,King's Quest Chapter 3: Once Upon a Climb
2323,Westerado: Double Barreled
2324,Anomaly: Warzone Earth
2325,Assassin's Creed: Revelations
2326,Age of Empires: The Age of Kings
2327,Volume
2328,Mighty Switch Force! Hyper Drive Edition
2329,Metal Slug Anthology
2330,"Snipperclips - Cut it out, together!"
2331,The Banner Saga
2332,Sam & Max Episode 202: Moai Better Blues
2333,Final Fantasy Tactics A2: Grimoire of the Rift
2334,Pinball FX3: Bethesda Pinball
2335,Age of Wonders III - Eternal Lords
2336,Game of Thrones: Episode Three - The Sword in the Darkness
2337,Red Dead Redemption: Liars and Cheats
2338,Hot Shots Golf Fore!
2339,Osmos
2340,Disney Infinity 3.0 Edition
2341,Eternal Sonata
2342,Dungeon Siege II
2343,Street Fighter Alpha 3 MAX
2344,Dead Island
2345,Sam & Max Episode 104: Abe Lincoln Must Die!
2346,EyeToy: Play
2347,The Sims: Makin' Magic
2348,The Mark of Kri
2349,Broken Sword: The Shadow of the Templars
2350,Bomberman Online
2351,Project Justice
2352,Uncharted: Golden Abyss
2353,Pix the Cat
2354,Yakuza Kiwami
2355,Driver: San Francisco
2356,Flinthook
2357,LEGO Star Wars: The Complete Saga
2358,Tom Clancy's Splinter Cell: Double Agent
2359,Medal of Honor: Pacific Assault
2360,N++: Ultimate Edition
2361,"Guns, Gore & Cannoli 2"
2362,Battle Brothers
2363,BoxBoxBoy!
2364,Etrian Odyssey Untold: The Millennium Girl
2365,Wii Sports Resort
2366,Dariusburst: Chronicle Saviours
2367,Grandia II Anniversary Edition
2368,TMNT
2369,Outlast
2370,Hearts of Iron II: Doomsday
2371,Disgaea 4: A Promise Unforgotten
2372,Virginia
2373,Injustice: Gods Among Us - Ultimate Edition
2374,Mutant Mudds
2375,"Codename: Panzers, Phase Two"
2376,Tokyo Mirage Sessions #FE
2377,The Council - Episode 1: The Mad Ones
2378,Baten Kaitos: Eternal Wings and the Lost Ocean
2379,The Banner Saga 1
2380,Gunman Clive 2
2381,Darwinia+
2382,The Darkness II
2383,AI War: Fleet Command
2384,Final Fantasy Crystal Chronicles
2385,The King of Fighters EX2: Howling Blood
2386,Capcom vs. SNK
2387,Starcraft 64
2388,Final Fantasy Anthology
2389,The Elder Scrolls III: Tribunal
2390,Elite: Dangerous
2391,God of War: Ascension
2392,Life is Strange: Before the Storm - Farewell
2393,The Walking Dead: The Telltale Series - A New Frontier Episode 2: Ties That Bind Part Two
2394,Buzz! Quiz TV
2395,Mega Man X Legacy Collection 1 + 2
2396,Faeria
2397,Goodbye Deponia
2398,Game of Thrones: Episode One - Iron From Ice
2399,Naruto Shippuden: Ultimate Ninja Storm 4
2400,Read Only Memories
2401,PixelJunk Eden
2402,SWAT 4: The Stetchkov Syndicate
2403,Darkwood
2404,Dropsy
2405,Company of Heroes 2: The British Forces
2406,WWE SmackDown! vs. Raw
2407,Ground Control II: Operation Exodus
2408,Pokemon White Version 2
2409,Shin Megami Tensei: Strange Journey
2410,NHL 2003
2411,MLB Slugfest 20-03
2412,MDK 2: Armageddon
2413,Jarrett & Labonte Stock Car Racing
2414,Fur Fighters
2415,Skate 3
2416,Puppeteer
2417,Under Night In-Birth Exe:Late
2418,Tomb Raider: Underworld
2419,Titan Quest: Immortal Throne
2420,Prison Architect
2421,La-Mulana (Remake)
2422,NFL Blitz
2423,Ironcast
2424,Wonder Boy: The Dragon's Trap
2425,SpellForce 2: Shadow Wars
2426,Fritz 8 Deluxe
2427,Dishonored: Definitive Edition
2428,Etrian Odyssey V: Beyond the Myth
2429,Lumines Supernova
2430,Dragon's Crown Pro
2431,FIFA Soccer 06
2432,Hoyle Majestic Chess
2433,MLB 15: The Show
2434,Dishonored: The Knife of Dunwall
2435,The Walking Dead: 400 Days
2436,Company of Heroes 2
2437,Natural Selection 2
2438,Red Steel 2
2439,Crash Bandicoot N. Sane Trilogy
2440,Ninjatown
2441,MotoGP '06
2442,Octahedron
2443,Style Savvy: Styling Star
2444,Samorost 3
2445,Game of Thrones: Episode Six - The Ice Dragon
2446,The Sims 3: Into the Future
2447,Wii Fit Plus
2448,FATE
2449,Ultimate Brain Games
2450,Disney's Lilo & Stitch
2451,2002 FIFA World Cup
2452,Asheron's Call Dark Majesty
2453,Mat Hoffman's Pro BMX
2454,Gran Turismo 5 Prologue
2455,Monster Hunter Generations Ultimate
2456,MX vs. ATV Unleashed
2457,Fable III
2458,Skylanders Giants
2459,Dragonshard
2460,Icewind Dale: Enhanced Edition
2461,Gravity Rush 2
2462,Castlevania: The Dracula X Chronicles
2463,Rogue Aces
2464,Super Time Force Ultra
2465,Day of Defeat: Source
2466,Battlefield 2142
2467,Karaoke Revolution Party
2468,Super Mega Baseball: Extra Innings
2469,EA Sports Active More Workouts
2470,LEGO Rock Band
2471,A Boy and His Blob
2472,World of Tanks
2473,Vampire: The Masquerade - Bloodlines
2474,Score Rush Extended
2475,Kelly Slater's Pro Surfer
2476,NHL 2K2
2477,Fire Pro Wrestling
2478,Pilotwings 64
2479,Need for Speed: Rivals
2480,"Warhammer 40,000: Dawn of War II - Retribution"
2481,Zero D Beat Drop
2482,Shin Megami Tensei: Strange Journey Redux
2483,NHL 16
2484,Hand of Fate
2485,ZEN Pinball
2486,Dead Rising 2
2487,Ghost 1.0
2488,Virtua Tennis 3
2489,Bit.Trip Beat
2490,Pro Evolution Soccer 2012
2491,Donkey Kong Country 2
2492,Cloning Clyde
2493,Aaero
2494,Pokemon Conquest
2495,Grand Theft Auto Online
2496,NBA Live 06
2497,Panzer Corps
2498,Trauma Center: Second Opinion
2499,Battlefield 2: Modern Combat
2500,Double Fine Happy Action Theater
2501,Tooth and Tail
2502,Men of War
2503,Fallen Enchantress: Legendary Heroes
2504,Star Wars Pinball: Heroes Within
2505,Tales of Monkey Island Chapter 4: The Trial and Execution of Guybrush Threepwood
2506,Penny Arcade Adventures: Episode Two
2507,Splashdown: Rides Gone Wild
2508,MotoGP 3
2509,All-Star Baseball 2004
2510,War of the Monsters
2511,Incredible Crisis
2512,Time Commando
2513,SoulCalibur: Broken Destiny
2514,Lufia: Curse of the Sinistrals
2515,Links 2004
2516,The Sims 4: Cats & Dogs
2517,Wasteland 2: Director's Cut
2518,Sins of a Solar Empire: Entrenchment
2519,FIFA Soccer 09 All-Play
2520,Lock's Quest
2521,The Last Story
2522,Nidhogg 2
2523,The Turing Test
2524,BOXBOY!
2525,LEGO City Undercover
2526,The Adventure Pals
2527,Naruto Shippuden: Ultimate Ninja Storm 3 Full Burst
2528,Stealth Bastard Deluxe
2529,Space Invaders Infinity Gene
2530,LEGO Batman: The Videogame
2531,LEGO Indiana Jones: The Original Adventures
2532,Valkyrie Profile: Lenneth
2533,Kirby: Triple Deluxe
2534,Snoopy Flying Ace
2535,Age of Wonders III
2536,Magic: The Gathering - Duels of the Planeswalkers 2013
2537,Rocksmith
2538,The Legend of Heroes: Trails in the Sky SC
2539,inFamous: Second Son
2540,Tom Clancy's The Division
2541,Proteus
2542,Hot Shots Tennis: Get a Grip
2543,Life is Strange: Before the Storm - Episode 1: Awake
2544,Candle
2545,Hitman: Contracts
2546,Medal of Honor Infiltrator
2547,Rock 'N Roll Racing
2548,James Bond 007: NightFire
2549,Robin Hood: The Legend of Sherwood
2550,Soldier of Fortune II: Double Helix
2551,World Rally Championship
2552,Baseball Advance
2553,Oddworld: Munch's Oddysee
2554,RollerCoaster Tycoon: Loopy Landscapes
2555,Ys: The Oath in Felghana
2556,1979 Revolution: Black Friday
2557,The Awesome Adventures of Captain Spirit
2558,UEFA EURO 2008
2559,Beaterator
2560,Ys Seven
2561,Lunar: Silver Star Harmony
2562,Atelier Rorona Plus: The Alchemist of Arland
2563,Alan Wake: The Writer
2564,Pinball FX2 VR
2565,RoboBlitz
2566,Lazy Raiders
2567,The Bigs 2
2568,A Way Out
2569,Cities: Skylines - Natural Disasters
2570,The Evil Within: The Assignment
2571,Wargame: AirLand Battle
2572,Football Manager 2015
2573,TrackMania United
2574,The Suffering
2575,Pac-Man Championship Edition 2 Plus
2576,MLB
2577,Pro Evolution Soccer 2014
2578,Dead or Alive 5 Plus
2579,Gish
2580,Rabi-Ribi
2581,Batman: The Enemy Within - The Telltale Series
2582,Geometry Wars: Galaxies
2583,Wii Fit
2584,Stealth Inc: A Clone in the Dark
2585,Hatsune Miku: Project Mirai DX
2586,Nobunaga's Ambition: Sphere of Influence
2587,The Corporate Machine
2588,Bit.Trip Core
2589,Game of Thrones: Episode Four - Sons of Winter
2590,Sonic's Ultimate Genesis Collection
2591,Final Fantasy Crystal Chronicles: My Life as a King
2592,NCAA March Madness 2005
2593,Disciples II: Rise of the Elves
2594,Amped 2
2595,Capcom vs. SNK 2 EO
2596,MechCommander 2
2597,Dark Cloud
2598,Waterloo: Napoleon's Last Battle
2599,Vanishing Point
2600,Chessmaster 8000
2601,Circle of Blood
2602,Gravity Rush Remastered
2603,Youropa
2604,The Walking Dead: Season Two Episode 1 - All That Remains
2605,S.T.A.L.K.E.R.: Call of Pripyat
2606,The Walking Dead: Season Two - A Telltale Games Series
2607,FLY'N
2608,Yourself!Fitness
2609,Total War: Attila
2610,The Wolf Among Us
2611,Kirby & the Amazing Mirror
2612,EVERYTHING
2613,Naruto: The Broken Bond
2614,Nancy Drew: Secret of the Old Clock
2615,ArcheAge
2616,Call of Duty: WWII
2617,Thomas Was Alone
2618,Pushmo World
2619,CAPSIZED
2620,Pro Evolution Soccer 2019
2621,FlatOut: Ultimate Carnage
2622,Layers of Fear: Legacy
2623,Tales of Berseria
2624,World of Van Helsing: Deathtrap
2625,BADLAND: Game of the Year Edition
2626,Ziggurat
2627,Hitman: Sniper Challenge
2628,Microsoft Flight Simulator X
2629,Metal Gear Acid 2
2630,Myst V: End of Ages
2631,Star Ocean: Till the End of Time
2632,Railroad Tycoon 3
2633,Otogi: Myth of Demons
2634,World of Outlaws: Sprint Cars 2002
2635,Wave Race: Blue Storm
2636,Phantasy Star Online Ver. 2
2637,Hostile Waters: Antaeus Rising
2638,Crazy Taxi
2639,Forza Motorsport 5
2640,Dustforce
2641,WWE SmackDown vs. Raw 2009
2642,Skylanders Imaginators
2643,Empire Earth II
2644,LocoRoco 2 Remastered
2645,Fractured Space
2646,Yakuza 3
2647,Chess Ultra
2648,Kameo: Elements of Power
2649,FIFA Soccer
2650,NBA Jam
2651,The Magic Circle
2652,The King of Fighters XIII
2653,Rock Band Unplugged
2654,The Path
2655,The Pinball of the Dead
2656,Metroid: Other M
2657,Shin Megami Tensei: Devil Survivor 2
2658,Dungeon of the Endless
2659,Sesame Street: Once Upon a Monster
2660,Revenge of the Titans
2661,Bookworm Adventures: Volume 2
2662,R-Type Final
2663,Hunter: The Reckoning
2664,Tokyo Xtreme Racer 2
2665,Strong Bad's Cool Game for Attractive People Episode 3: Baddest of the Bands
2666,Gears of War 2: All Fronts Collection
2667,Brothers in Arms: Hell's Highway
2668,Banjo-Kazooie: Nuts & Bolts
2669,Slayaway Camp: Butcher's Cut
2670,The Metronomicon: Slay the Dance Floor
2671,Star Wars: Empire at War
2672,The Bigs
2673,EA Sports MMA
2674,A Hat in Time
2675,Scribblenauts
2676,Europa Universalis: Rome - Vae Victis
2677,NHL 07
2678,GoNNER
2679,Life is Strange: Before the Storm - Episode 2: Brave New World
2680,Sonic Colors
2681,Silent Hunter: Wolves of the Pacific
2682,Dead or Alive: Dimensions
2683,For the King
2684,Rock Band 4
2685,Lost Planet: Extreme Condition
2686,1701 A.D.
2687,Stasis
2688,Otogi 2: Immortal Warriors
2689,Chime
2690,Return to Mysterious Island
2691,Rubik's Puzzle Galaxy: RUSH
2692,Smuggler's Run
2693,Puzzle Dimension
2694,Mega Man Legacy Collection + Mega Man Legacy Collection 2
2695,NFL Fever 2002
2696,Kohan: Ahriman's Gift
2697,Pac-Man Collection
2698,Emperor: Battle for Dune
2699,Rowan's Battle of Britain
2700,Steredenn
2701,The Evil Within
2702,Cart Life
2703,Sword of the Stars: Born of Blood
2704,Gun
2705,Worms Reloaded
2706,Warhammer: End Times - Vermintide
2707,Euro Truck Simulator 2
2708,Final Fantasy I & II: Dawn of Souls
2709,Tropico 3
2710,Skies of Fury DX
2711,Wilson's Heart
2712,Else Heart.Break()
2713,NHL 2K10
2714,GrimGrimoire
2715,Trauma Center: Under the Knife 2
2716,Cities: Skylines - After Dark
2717,Runaway: A Twist of Fate
2718,La Pucelle: Tactics
2719,Quarrel
2720,Tales of Monkey Island Chapter 1: Launch of the Screaming Narwhal
2721,FAR: Lone Sails
2722,Jotun
2723,Bloodline Champions
2724,Transformers: Fall of Cybertron
2725,Pokken Tournament DX
2726,Little Nightmares: Complete Edition
2727,Subsurface Circular
2728,Wipeout 2048
2729,The Legend of Heroes: Trails in the Sky
2730,Legends of War: Patton's Campaign
2731,Chessmaster
2732,The Sims: Superstar
2733,Bust-A-Move 4
2734,Cuboid
2735,"You, Me, and the Cubes"
2736,Street Fighter Alpha Anthology
2737,Payday 2
2738,Spider-Man: The Movie
2739,Dead Rising 2: Case Zero
2740,Until Dawn
2741,Castlevania: Lament of Innocence
2742,Midnight Club: LA Remix
2743,Dungeons of Dredmor
2744,EA Sports Active 2
2745,Assassin's Creed: Director's Cut Edition
2746,NASCAR 06: Total Team Control
2747,LittleBigPlanet 3
2748,Quantum Conundrum
2749,DeathSpank
2750,Tom Clancy's Ghost Recon: Future Soldier
2751,Death Road to Canada
2752,The Unfinished Swan
2753,Dissidia: Final Fantasy
2754,The Next Penelope
2755,The New York Times Crosswords
2756,Prototype
2757,MTV Music Generator 3: This Is the Remix
2758,ESPN Major League Baseball
2759,Tak and the Power of Juju
2760,Final Fantasy Origins
2761,Dynasty Tactics
2762,Parasite Eve II
2763,For Honor
2764,Sang-Froid: Tales of Werewolves
2765,The Incredible Adventures of Van Helsing: Final Cut
2766,Def Jam: Fight for NY: The Takeover
2767,Hexic HD
2768,WWE Day of Reckoning
2769,Jotun: Valhalla Edition
2770,Stella Glow
2771,Edge
2772,Professor Layton VS Phoenix Wright Ace Attorney
2773,Call of Juarez: Gunslinger
2774,Shin Megami Tensei: Devil Summoner 2: Raidou Kuzunoha vs. King Abaddon
2775,Blossom Tales: The Sleeping King
2776,Rome: Total War Alexander
2777,Street Fighter Anniversary Collection
2778,Hob
2779,Sam & Max Episode 102: Situation: Comedy
2780,Prototype 2
2781,Final Fantasy XIII-2
2782,LEGO Harry Potter: Years 1-4
2783,Rumu
2784,Killing Floor 2
2785,NieR: Automata - 3C3C1D119440927
2786,Zen Pinball 2: Bethesda Pinball
2787,Fallout 4: Far Harbor
2788,Goetia
2789,Monster Tale
2790,Tropico 3: Absolute Power
2791,Age of Zombies
2792,Bit.Trip Void
2793,NBA 09 The Inside
2794,Sam & Max Episode 106: Bright Side of the Moon
2795,Activision Anthology
2796,Day of Defeat
2797,Tekken 4
2798,Twisted Metal: Black Online
2799,Jumpgate: The Reconstruction Initiative
2800,Aqua Aqua
2801,Space Empires IV
2802,Sega Marine Fishing
2803,Resident Evil 4: Ultimate HD Edition
2804,Mario vs. Donkey Kong: Mini-Land Mayhem
2805,Sam & Max Episode 203: Night of the Raving Dead
2806,Metroid Prime Pinball
2807,Mega Man & Bass
2808,Alien Hominid HD
2809,F.E.A.R. 2: Project Origin
2810,Black
2811,Ghostbusters: The Video Game
2812,Just Dance 2014
2813,Retro City Rampage
2814,King Arthur: The Role-Playing Wargame
2815,Rock of Ages 2: Bigger & Boulder
2816,Kelvin and the Infamous Machine
2817,Auditorium HD
2818,OlliOlli
2819,Sid Meier's Civilization: Beyond Earth - Rising Tide
2820,Unforeseen Incidents
2821,Smuggler's Run: Warzones
2822,Golden Sun: Dark Dawn
2823,Hasbro Family Game Night: Scrabble
2824,Memoria
2825,FRAMED Collection
2826,Joe Dever's Lone Wolf
2827,The Last Door
2828,NHL 2K7
2829,Shadowgrounds Survivor
2830,Shooty Fruity
2831,The Inner World: The Last Wind Monk
2832,Cat Quest
2833,OutRun2
2834,Armed and Dangerous
2835,Gothic II
2836,Port Royale
2837,Deadly Dozen: Pacific Theater
2838,Shattered Galaxy
2839,Namco Museum
2840,Close Combat: Invasion: Normandy
2841,ZEN Pinball 3D
2842,King's Bounty: The Legend
2843,Metal Slug Advance
2844,Buffy the Vampire Slayer
2845,ECHO
2846,Call of Duty: Black Ops - Escalation
2847,Heavenly Sword
2848,NCAA Football 13
2849,Tales of Vesperia
2850,Fat Princess
2851,Uru: Ages Beyond Myst
2852,Pillars of Eternity: The White March - Part 2
2853,Greed Corp
2854,Little Inferno
2855,Guild Wars: Eye of the North
2856,Outlast 2
2857,Summon Night: Swordcraft Story 2
2858,Driveclub Bikes
2859,Project: Snowblind
2860,Tales From The Borderlands: Episode 4 - Escape Plan Bravo
2861,Pit People
2862,Nioh: Defiant Honor
2863,Enslaved: Odyssey to the West - Pigsy's Perfect 10
2864,Mini Ninjas
2865,Carcassonne
2866,Harvest Moon: A Wonderful Life
2867,Sphinx and the Cursed Mummy
2868,EverQuest: Lost Dungeons of Norrath
2869,Battlefield 1942: Secret Weapons of WWII
2870,Robot Alchemic Drive
2871,The Sims: Unleashed
2872,NHL Hitz 20-02
2873,Worms World Party
2874,Resident Evil 3: Nemesis
2875,RayStorm
2876,The King of Fighters XIV
2877,Shiren the Wanderer: The Tower of Fortune and the Dice of Fate
2878,Halfbrick Echoes
2879,Race the Sun
2880,MotorStorm Arctic Edge
2881,Firewall Zero Hour
2882,Hitman - Episode 3: Marrakesh
2883,The Sims 3: Pets
2884,MTX Mototrax
2885,Alienation
2886,Steredenn: Binary Stars
2887,Zwei: The Ilvard Insurrection
2888,Assault Heroes
2889,Guilty Gear X
2890,Frozen Cortex
2891,Tacoma
2892,Gears of War: Judgment
2893,Halo Wars 2
2894,Anarcute
2895,Free Realms
2896,Homeworld: Deserts of Kharak
2897,Don't Starve
2898,Hue
2899,Trainz
2900,Super Dodge Ball Advance
2901,Super Smash Bros.
2902,Atelier Escha & Logy: Alchemists of the Dusk Sky
2903,Twisted Metal: Head-On
2904,Heat Signature
2905,Tales of Monkey Island Chapter 2: The Siege of Spinner Cay
2906,Sonic Advance 3
2907,Chivalry: Medieval Warfare
2908,de Blob 2
2909,Overlord II
2910,Victor Vran: Overkill Edition
2911,NHL 06
2912,OutRun Online Arcade
2913,Band Hero
2914,Hearthstone: Journey to Un'Goro
2915,Scram Kitty and His Buddy on Rails
2916,Lego Star Wars
2917,MLB Power Pros 2008
2918,Major League Baseball 2K7
2919,World to the West
2920,Space Channel 5 Special Edition
2921,Emergency Fire Response
2922,Downhill Domination
2923,Lunar Legend
2924,Breath of Fire
2925,Sky Odyssey
2926,Mario Party
2927,Spider-Man 3
2928,Silent Hill: Shattered Memories
2929,Marble Blast Ultra
2930,echochrome ii
2931,The Metronomicon
2932,Pro Evolution Soccer 2011
2933,Tom Clancy's Rainbow Six Siege
2934,The Settlers 7: Paths to a Kingdom
2935,RollerCoaster Tycoon 3: Soaked!
2936,BlazBlue: Cross Tag Battle
2937,Rune Factory Frontier
2938,Mantis Burn Racing
2939,Mighty Switch Force!
2940,EVERSPACE
2941,TrackMania 2 Valley
2942,State of Decay
2943,High Hell
2944,EA Sports UFC 2
2945,F1 2013
2946,Sid Meier's Civilization VI: Rise and Fall
2947,Blue Dragon
2948,Final Fight: Double Impact
2949,Monster Hunter Stories
2950,Noitu Love: Devolution
2951,Extreme Exorcism
2952,Rift: Storm Legion
2953,Wizorb
2954,Madden NFL 12
2955,Crayon Physics Deluxe
2956,Tony Hawk's Proving Ground
2957,Nancy Drew: Legend of the Crystal Skull
2958,Mario Strikers Charged
2959,Mega Man Maverick Hunter X
2960,EverQuest II: Desert of Flames
2961,SimCity 4: Rush Hour
2962,Tenchu: Wrath of Heaven
2963,Uncommon Valor: Campaign for the South Pacific
2964,Deathrow
2965,Global Operations
2966,Burnout
2967,Mega Man Battle Network
2968,StarLancer
2969,Shadow Warrior 2
2970,Dance Dance Revolution Ultramix 2
2971,Apotheon
2972,Roogoo
2973,Golf Story
2974,The Journey Down: Chapter Two
2975,Muramasa Rebirth
2976,Star Trek: Elite Force II
2977,This War of Mine: The Little Ones
2978,Call of Juarez: Bound in Blood
2979,Zuma's Revenge!
2980,Xanadu Next
2981,Obliteracers
2982,ZEN Pinball 2: Balls of Glory
2983,The Denpa Men: They Came By Wave
2984,Traxxpad
2985,Alien Hominid
2986,Hasbro Family Game Night: Yahtzee
2987,Tiger Woods PGA Tour
2988,Broken Sword: Shadow of the Templars - The Director's Cut
2989,Layers of Fear
2990,Baldur's Gate: Enhanced Edition
2991,Disgaea 3: Absence of Justice
2992,Doom 3: Resurrection of Evil
2993,Yakuza 4
2994,DeathSmiles
2995,Wade Hixton's Counter Punch
2996,Baldur's Gate: Dark Alliance II
2997,Dave Mirra Freestyle BMX 3
2998,Contra: Shattered Soldier
2999,Dynasty Warriors 3
3000,Shadow of Destiny
3001,Midnight Club: Street Racing
3002,Swing Away Golf
3003,Harvest Moon 64
3004,Detroit: Become Human
3005,NHL 17
3006,inFamous: Festival of Blood
3007,The Sims 4: City Living
3008,Rock Band Blitz
3009,Lost Odyssey
3010,Rez
3011,Klonoa 2: Dream Champ Tournament
3012,BattleTech
3013,Doki Doki Literature Club!
3014,Far Cry Instincts Evolution
3015,Fallout 4 VR
3016,Gurumin: A Monstrous Adventure
3017,Yoshi's Woolly World
3018,Stellaris
3019,The House of the Dead: Overkill
3020,Super Rude Bear Resurrection
3021,Bomberman Land Touch!
3022,Big Bang Mini
3023,SIREN: Blood Curse
3024,WWE '13
3025,Hotel Dusk: Room 215
3026,Cosmic Star Heroine
3027,Archangel: Hellfire
3028,King's Quest Chapter 5: The Good Knight
3029,The Thing
3030,DeathSpank: Thongs of Virtue
3031,Hatsune Miku: Project Diva X
3032,DeadCore
3033,Conker: Live & Reloaded
3034,Castlevania: The Adventure ReBirth
3035,MLB 2005
3036,Neverwinter Nights: Shadows of Undrentide
3037,Knockout Kings 2003
3038,Duke Nukem: Manhattan Project
3039,Konami Collector's Series: Arcade Advanced
3040,Gradius Galaxies
3041,Tales of Destiny II
3042,Metal Gear Solid: Snake Eater 3D
3043,Grand Kingdom
3044,Bridge Constructor Portal
3045,Wuppo
3046,Robocalypse
3047,The Disney Afternoon Collection
3048,TumbleSeed
3049,ONRUSH
3050,MotorStorm RC
3051,AstroPop
3052,Dragon Quest VI: Realms of Revelation
3053,Theatrhythm Final Fantasy
3054,Teleglitch: Die More Edition
3055,Age of Empires: Mythologies
3056,Donkey Kong Country
3057,League of Legends
3058,Rabbids Go Home
3059,The Movies: Stunts & Effects
3060,Deus Ex: Human Revolution - The Missing Link
3061,Asphalt 4: Elite Racing
3062,Shaun White Snowboarding: Road Trip
3063,Dynasty Warriors 4
3064,Shox
3065,Super Ghouls 'n Ghosts
3066,Tropico: Paradise Island
3067,MechWarrior 4: Black Knight Expansion
3068,Cool Boarders 2001
3069,Ridge Racer V
3070,NFL Blitz 2001
3071,Apollo Justice: Ace Attorney
3072,Rune Factory: A Fantasy Harvest Moon
3073,The Tomb Raider Trilogy
3074,1001 Spikes
3075,Disney Guilty Party
3076,Warp
3077,Wild Arms 3
3078,Tales of Xillia
3079,Ken Follett's The Pillars of the Earth
3080,The Adventures of Cookie & Cream
3081,Swords & Soldiers HD
3082,Tom Clancy's Rainbow Six: Vegas 2
3083,"Blast Works: Build, Trade, Destroy"
3084,LEGO Star Wars: The Force Awakens
3085,Fire Pro Wrestling World
3086,Musynx
3087,Runner3
3088,Blaster Master Zero
3089,Sonic & Sega All-Stars Racing
3090,Blackwood Crossing
3091,Candleman
3092,Fluidity: Spin Cycle
3093,Arc the Lad Collection
3094,Resident Evil: Revelations Collection
3095,Puzzle Pirates
3096,Crimson Sea
3097,Knockout Kings 2002
3098,Star Trek Starfleet Command: Orion Pirates
3099,Two Worlds II: Pirates of the Flying Fortress
3100,Breath of Fire: Dragon Quarter
3101,Soul Bubbles
3102,Praetorians
3103,Mario and Donkey Kong: Minis on the Move
3104,Mary Skelter: Nightmares
3105,Naruto: Rise of a Ninja
3106,Sonic Rush Adventure
3107,Call of Duty Classic
3108,Bust-A-Move Live!
3109,Forma.8
3110,Shin Megami Tensei: Persona
3111,Toy Story 3
3112,Call of Duty: Black Ops - First Strike
3113,Silent Hill: Origins
3114,Chime Super Deluxe
3115,Lost Planet: Extreme Condition Colonies Edition
3116,Chaos on Deponia
3117,"That Dragon, Cancer"
3118,Blade Strangers
3119,Mothergunship
3120,Sairento VR
3121,Human Resource Machine
3122,Adventures of Pip
3123,LISA
3124,Strider
3125,Dead Space 3
3126,Anno 1701: Dawn of Discovery
3127,Metal Gear Solid: Digital Graphic Novel
3128,Blitz: The League
3129,Shin Megami Tensei: Digital Devil Saga
3130,Culdcept
3131,Midtown Madness 2
3132,Need for Speed: Porsche Unleashed
3133,The Wonderful 101
3134,Kingdom Under Fire: Heroes
3135,Fatal Frame III: The Tormented
3136,Mario Golf: World Tour
3137,New Play Control! Donkey Kong Jungle Beat
3138,Karaoke Revolution Presents: American Idol
3139,Crash Commando
3140,Mushroom 11
3141,Killzone: Mercenary
3142,Dragon's Dogma
3143,The Persistence
3144,Tropico 4: Modern Times
3145,Don't Starve: Console Edition
3146,Call of Duty 2: Big Red One
3147,Mega Man ZX Advent
3148,Soul of Darkness
3149,NCAA March Madness 06
3150,Ultimate Spider-Man
3151,Super Cloudbuilt
3152,Brandish: The Dark Revenant
3153,Drakan: The Ancients' Gates
3154,Hearts of Iron: Platinum
3155,MLB Slugfest 20-04
3156,Star Trek: Starfleet Command III
3157,NCAA College Football 2K2
3158,Mortal Kombat: Shaolin Monks
3159,Q.U.B.E. 2
3160,Brass Tactics
3161,Heavy Rain & Beyond: Two Souls Collection
3162,RIGS: Mechanized Combat League
3163,Star Wars: Republic Commando
3164,Penumbra: Black Plague
3165,Marvel's Guardians of the Galaxy: The Telltale Series
3166,Avernum 2: Crystal Souls
3167,Elemental: Fallen Enchantress
3168,Crimson Gem Saga
3169,Electronic Super Joy
3170,So Many Me
3171,MotoGP '07
3172,Wings of Prey
3173,Cladun: This is an RPG
3174,The Lord of the Rings: The Battle for Middle-Earth II - The Rise of the Witch-King
3175,Tales of the Abyss
3176,Baldur's Gate II: Enhanced Edition
3177,Dynasty Tactics 2
3178,Retro/Grade
3179,Under Night In-Birth Exe:Late[st]
3180,Far Cry Instincts Predator
3181,Skylanders Trap Team
3182,The Sims 2: Open for Business
3183,Immortal Redneck
3184,Disgaea 3: Absence of Detention
3185,AlphaBounce
3186,Fire Emblem: Radiant Dawn
3187,MLB 2003
3188,Pokemon Stadium 2
3189,Earth 2150
3190,Heavy Metal: F.A.K.K. 2
3191,Bangai-O HD: Missile Fury
3192,GRID Autosport
3193,Dissidia 012: Duodecim Final Fantasy
3194,Mega Man Zero Collection
3195,The Magic Obelisk
3196,Lunar: Silver Star Story Complete
3197,ATOMIK: RunGunJumpGun
3198,WarioWare Gold
3199,Call of Duty: Ghosts
3200,The Walking Dead: Season Two Episode 4 - Amid the Ruins
3201,Assassin's Creed Syndicate
3202,Hearthstone: Curse of Naxxramas
3203,Oreshika: Tainted Bloodlines
3204,The Sims 2 Seasons
3205,Darknet
3206,Amnesia Collection
3207,Life is Strange: Episode 2 - Out of Time
3208,Kinect Nat Geo TV
3209,Joint Operations: Escalation
3210,Charlie Murder
3211,EyeToy: Kinetic
3212,Bejeweled Twist
3213,Mercury Meltdown
3214,Plants vs Zombies: Garden Warfare
3215,Dragon Ball: Origins
3216,SingStar '80s
3217,The Legend of Zelda: Breath of the Wild - The Master Trials
3218,Melty Blood: Actress Again Current Code
3219,Rune Factory 4
3220,Metal Slug 3
3221,Offworld Trading Company
3222,Atelier Shallie Plus: Alchemists of the Dusk Sea
3223,Medal of Honor: Airborne
3224,Rebelstar: Tactical Command
3225,A Kingdom for Keflings
3226,Disney's Extreme Skate Adventure
3227,Stronghold: Crusader
3228,Dragon Warrior VII
3229,Konami Krazy Racers
3230,Summoner
3231,Armored Core 2
3232,ATV Offroad Fury 3
3233,Death Squared
3234,Wargame: Red Dragon
3235,Inazuma Eleven
3236,MySims Agents
3237,Shin Megami Tensei: Devil Survivor Overclocked
3238,Need for Speed: Carbon
3239,Top Gear Rally
3240,Etherlords II
3241,Ace Combat: Assault Horizon
3242,Samurai Gunn
3243,El Shaddai: Ascension of the Metatron
3244,New Super Mario Bros. 2
3245,Tabula Rasa
3246,NFL Street 2
3247,Dead Rising 3
3248,Mount & Blade: Warband
3249,Nancy Drew: The Ransom of the Seven Ships
3250,Grand Slam Tennis
3251,Switchball
3252,Wario Land: Shake It!
3253,Star Wars Republic Commando
3254,Ibb & Obb
3255,Deadlight
3256,Fallout 3: The Pitt
3257,Hyrule Warriors: Definitive Edition
3258,Chibi-Robo! Park Patrol
3259,R.U.S.E.
3260,Boktai 2: Solar Boy Django
3261,Road Rash: Jailbreak
3262,Iridion II
3263,Austerlitz: Napoleon's Greatest Victory
3264,Dropship: United Peace Force
3265,Luigi's Mansion
3266,Desperados: Wanted Dead or Alive
3267,Mars Matrix
3268,Zone of the Enders
3269,Dirt Track Racing: Sprint Cars
3270,Star Trek: Bridge Crew
3271,Alice in Wonderland
3272,Ridge Racer 7
3273,Bad Apple Wars
3274,Joe Dever's Lone Wolf HD Remastered
3275,Every Extend Extra Extreme
3276,Tropico 4
3277,Call of Duty: Infinite Warfare
3278,Vaporum
3279,AR-K Episode 3: The Great Escape
3280,World Class Poker with T.J. Cloutier
3281,The Count Lucanor
3282,Five Nights at Freddy's
3283,Baseball Mogul 2007
3284,Pac-Man Championship Edition 2
3285,Call of Duty: Black Ops III - Zombies Chronicles
3286,Crashlands
3287,King's Bounty: Crossworlds
3288,Everybody's Gone to the Rapture
3289,Dawn of Discovery: Venice
3290,EyeToy: Play 2
3291,Legendary Gary
3292,Everybody's Golf
3293,Shadows of Adam
3294,Flywrench
3295,Style Savvy: Fashion Forward
3296,Dungelot: Shattered Lands
3297,Battlefield 3: End Game
3298,Marvel vs. Capcom Origins
3299,Call of Duty: Black Ops - Annihilation
3300,Ace Attorney Investigations: Miles Edgeworth
3301,Top Spin 3
3302,Fire Pro Wrestling Returns
3303,Pac-Man vs.
3304,World Tour Soccer 2003
3305,Crash Bandicoot: The Huge Adventure
3306,Amped: Freestyle Snowboarding
3307,Tony Hawk's Pro Skater 2x
3308,NHL FaceOff 2001
3309,Castlevania
3310,Titan Quest
3311,Tom Clancy's Ghost Recon: Shadow Wars
3312,Deathtrap
3313,Yomawari: Midnight Shadows
3314,Ancestors Legacy
3315,Excitebots: Trick Racing
3316,Kokuga
3317,Spider-Man: Web of Shadows
3318,Galactic Civilizations: Altarian Prophecy
3319,Graceful Explosion Machine
3320,Pop Island
3321,Republique: Episode 1 - Exordium
3322,Prince of Persia: The Forgotten Sands
3323,Mutant Storm Reloaded
3324,Mortal Kombat: Armageddon
3325,Nintendo Land
3326,Sonic Generations
3327,Kingdom Hearts HD 1.5 ReMIX
3328,Starhawk
3329,Yakuza 2
3330,Brain Age 2: More Training in Minutes a Day
3331,Regalia: Of Men and Monarchs - Royal Edition
3332,Railway Empire
3333,Puddle
3334,Devil May Cry HD Collection
3335,Tiny Barbarian DX
3336,Reigns
3337,Mafia II
3338,Etrian Mystery Dungeon
3339,Sega Rally Revo
3340,Tower of Time
3341,The Inner World
3342,Linelight
3343,Letter Quest: Grimm's Journey Remastered
3344,Dance Dance Revolution Extreme
3345,NHL 2005
3346,Delta Force: Black Hawk Down
3347,Rayman 3: Hoodlum Havoc
3348,Arx Fatalis
3349,Geoff Crammond's Grand Prix 4
3350,Emperor: Rise of the Middle Kingdom
3351,NFL Blitz 20-02
3352,Kinetica
3353,Ground Control: Dark Conspiracy
3354,Birds of Steel
3355,Horizon Chase Turbo
3356,Call of Cthulhu: Dark Corners of the Earth
3357,NBA Live 09
3358,Sherlock Holmes: Crimes & Punishments
3359,Life Goes On: Done to Death
3360,Rune Factory 3: A Fantasy Harvest Moon
3361,Shank 2
3362,Far Cry Primal
3363,Sanctum 2
3364,Sky Force Anniversary
3365,Livelock
3366,Eets: Chowdown
3367,Aven Colony
3368,RISK: Factions
3369,ArmA II
3370,Dead or Alive 5 Ultimate
3371,Street Fighter V
3372,Minecraft: Wii U Edition
3373,Your Shape Fitness Evolved 2012
3374,Angry Birds
3375,Al Emmo and the Lost Dutchman's Mine
3376,Tony Hawk's American Wasteland
3377,Final Fantasy IV: The Complete Collection
3378,Expeditions: Conquistador
3379,Life is Strange: Episode 1 - Chrysalis
3380,Field Commander
3381,Shu
3382,Gary Grigsby's World at War
3383,RUSH
3384,Zeno Clash
3385,Hamtaro: Ham-Ham Games
3386,I-Ninja
3387,Harry Potter and the Chamber of Secrets
3388,Operation Flashpoint: Resistance
3389,World Tour Soccer 2002
3390,Etherlords
3391,Alone in the Dark: The New Nightmare
3392,Tenchu 2: Birth of the Stealth Assassins
3393,Army Men: Air Combat
3394,Pokemon Snap
3395,FIFA World Cup: Germany 2006
3396,Giana Sisters: Twisted Dreams
3397,Alien Swarm
3398,Art Style: BASE 10
3399,Rune Factory 2: A Fantasy Harvest Moon
3400,Soldiers: Heroes of World War II
3401,Shadows of the Damned
3402,The Elder Scrolls Online: Morrowind
3403,The Godfather
3404,Mega Man Legacy Collection 2
3405,Figment
3406,Project Zero 2: Wii Edition
3407,Dragon Quest Heroes: The World Tree's Woe and the Blight Below
3408,The Elder Scrolls Online: Tamriel Unlimited
3409,Inazuma Eleven Go: Chrono Stones: Thunderflash
3410,Baldur's Gate: Siege of Dragonspear
3411,EA Sports UFC 3
3412,Gears of War 3: RAAM's Shadow
3413,Crysis 3
3414,Mega Man Zero 3
3415,Final Fantasy XV: Royal Edition
3416,Men of War: Assault Squad
3417,Singularity
3418,Command & Conquer 3: Kane's Wrath
3419,ATV Offroad Fury 4
3420,Car Battler Joe
3421,Life is Strange: Before the Storm
3422,Tales of Symphonia Chronicles
3423,Killzone: Liberation
3424,The Escapists 2
3425,Arena Wars
3426,Little Red Lie
3427,Naruto Shippuden: Ultimate Ninja Storm 4 - Road to Boruto Expansion
3428,Furi
3429,Corpse Party
3430,Element4l
3431,Anomaly 2
3432,Donut County
3433,MotorStorm: Apocalypse
3434,The Last Guy
